Input,Ground Truth,Model output
ankan,अंकन,अंकन
angkor,अंगकोर,अंगकोर
angira,अंगिरा,अंगीरा
angithi,अंगीठी,अंगिथि
angrej,अंग्रेज,अंग्रेज
angrejon,अंग्रेजों,अग्रेजों
anjaam,अंजाम,अंजाम
anjam,अंजाम,अंजम
antakaran,अंतकरण,अंतकरण
antkaran,अंतकरण,अंतरकनण
anralon,अंतरालों,अन्रालों
antralon,अंतरालों,अंतरालों
antarkalah,अंतर्कलह,अंतरकाह
antarklah,अंतर्कलह,अंतर्कलाह
antkalah,अंतर्कलह,अंतकलू
andher,अंधेर,अंधेर
andhera,अंधेरा,अंधेरा
andheraa,अंधेरा,अंधेरा
andhere,अंधेरे,अंधेरे
ambar,अंबर,अंबर
amber,अंबर,अंबेर
umber,अंबर,अंबर
ambarnath,अंबरनाथ,अमर्ञनाथ
ahankaar,अंहकार,अहंकार
ahankar,अंहकार,अहंकार
anhkar,अंहकार,अनहकर
akaash,अकाश,अकाश
akash,अकाश,अकाश
akeelaa,अकीला,अकीला
akila,अकीला,अकीला
ankush,अकुंश,अंकुश
aksharash,अक्षरशः,अक्षरश
aksharashaah,अक्षरशः,अक्षरशाह
aksharashah,अक्षरशः,अक्षरशाह
asharsha,अक्षरशः,अशर्ष
akhandanand,अखंडानंद,अखंदनंड
akhbar,अखबार,अख़बार
akhabari,अखबारी,अख़बारी
akhbari,अखबारी,अख़बरी
akhabaro,अखबारो,अख़बोरों
akhbaro,अखबारो,अख़बोरों
akhabaron,अखबारों,अख़बारों
akhbaron,अखबारों,अख़बारों
akhatar,अख़्तर,अखातर
akhtar,अख़्तर,अख्तर
agar,अगर,अगर
august,अगस्त,अगसूट्
agnivesh,अग्निवेश,अग्निवेश
agrata,अग्रता,अग्रता
agli,अग्ली,अगली
ugly,अग्ली,उगली
achyutanand,अच्युतानंद,अच्यूटानंद
aja,अजा,आजा
atak,अटक,आटक
atka,अटका,अटका
atkav,अटकाव,अटकाव
ataki,अटकी,अटकी
atki,अटकी,आतकी
attention,अटेंशन,एटेंशन
atarra,अतर्रा,अटर्रा
atrra,अतर्रा,अत्रे
adabi,अदबी,अदबी
adbi,अदबी,एडीबी
aditi,अदिती,आदिति
adhikat,अधिकत,अधिकत
adhikaanshat,अधिकांशत,अधिकांशत
adhikanshat,अधिकांशत,अधिकांशत
adhikaash,अधिकाश,अधिकाश
adhikash,अधिकाश,अधिकाश
adhimaas,अधिमास,अधियास
adhimas,अधिमास,अधीमस
ankahi,अनकही,अनकही
anake,अनके,आनेक
anke,अनके,आंके
anrasa,अनरसा,अनरस
unrasa,अनरसा,उन्रसा
anseekh,अनसीन,अनसीख
unseen,अनसीन,अनसीन
ansune,अनसुने,अनसूने
unsune,अनसुने,अनसूने
uncensored,अनसेंसर्ड,अनक्लेसर
anadaran,अनादरण,अनादरण
anadarana,अनादरण,अनदारण
aniti,अनीति,अनिति
anukool,अनुकूल,अनुकूल
anukul,अनुकूल,अनुकूल
anukulin,अनुकूलित,अनुकूलिन
anukulit,अनुकूलित,अनुकुलित
anuprayog,अनुप्रयोग,अनुप्रयाग
anuprayogi,अनुप्रयोग,अनुप्रयोगी
anupryog,अनुप्रयोग,अनुप्रयोग
anubhavahin,अनुभवहीन,अनुभवभीन
anubhavheen,अनुभवहीन,अनुभाविहीन
anubhavhin,अनुभवहीन,अनुभवधीन
anuvaad,अनुवाद,अनुवाद
anuwad,अनुवाद,अनुवाद
anuvaadit,अनुवादित,अनुवादित
anuvadit,अनुवादित,अनुवादित
anusaran,अनुसरण,अनुसरण
anusarand,अनुसरण,अनुसरंद
anusuya,अनुसूया,अनुसूया
anyatr,अन्यत्र,अन्यात्र
anyatra,अन्यत्र,अन्यात्रा
anyayi,अन्यायी,अन्यायी
apnana,अपनाना,अपनाना
apamishran,अपमिश्रण,अपमिष्ट्रण
apmishran,अपमिश्रण,अपमिश्रण
apaaramparik,अपारंपरिक,अपारमापिरक
aparamparik,अपारंपरिक,अपारमापिक
aparamprik,अपारंपरिक,अपार्मप्रिक
approver,अप्रूवर,अप्रोजेवर
aproover,अप्रूवर,अपरूवर
afsos,अफसोस,एफोस
abadhit,अबाधित,आबाधित
abadhith,अबाधित,अभाधित
abul,अबुल,अबूल
abbas,अब्बास,अब्बास
abhinatri,अभिनत्री,अभिनात्री
abhintri,अभिनत्री,अभिनत्री
amisha,अमीषा,अमीशा
amul,अमूल,अमूल
amod,अमोद,अमोड़
amodh,अमोद,अमोध
ammoo,अम्मू,अम्मू
ammu,अम्मू,अम्मू
anmum,अम्मू,अनमूम
arandi,अरंडी,आरंदी
arendi,अरंडी,एरेंडी
arndi,अरंडी,आर्दंदी
arase,अरसे,आरसे
arse,अरसे,आर्स
arastu,अरस्तू,अरास्तु
aristu,अरस्तू,अरिस्टू
arstu,अरस्तू,अरस्तू
araamako,अरामको,आरामको
aramco,अरामको,आरामको
aramko,अरामको,आरामको
araasu,अरासु,आरासू
arasu,अरासु,आरसू
arun,अरुण,अरूण
arjun,अर्जुन,अर्जून
arthatantra,अर्थतंत्र,अर्थतंत्र
arthtantr,अर्थतंत्र,अर्थतंत्र
arthtantra,अर्थतंत्र,अर्थतंत्र
arthdand,अर्थदंड,अर्थडंड
arthaniti,अर्थनीति,अर्थनीति
arthneeti,अर्थनीति,अर्थनीति
arthniti,अर्थनीति,अर्थनीति
arthavyavasthaen,अर्थव्यवस्थाएं,अर्थव्यवस्थाओं
arthvyavasthayen,अर्थव्यवस्थाएं,अर्थव्यवस्थाएं
arthvyvasthayen,अर्थव्यवस्थाएं,अर्थव्यवस्थाएं
arthing,अर्थिंग,आर्थिंग
earthing,अर्थिंग,आर्थिंग
arthi,अर्थी,आर्थी
arnold,अर्नोल्ड,अर्नोल्ड
alkayada,अलकायदा,अल्कयाडा
alqaeda,अलकायदा,अल्केड
alagav,अलगाव,अलाजग
algaav,अलगाव,अलगाव
algav,अलगाव,अलगाव
alagaavavaada,अलगाववाद,अलागावाडा
alagavavaad,अलगाववाद,अलाजवाद
alagavavada,अलगाववाद,अलगाववाडा
algavwaad,अलगाववाद,अलग्ववाद
algu,अलगू,अल्जू
alaska,अलास्का,अलस्का
alim,अलीम,एलिम
avadh,अवध,अवध
avadhiyan,अवधियां,अवधियां
avdhiya,अवधियां,अवधिया
avdhiyan,अवधियां,अवधियां
avadhiyon,अवधियों,अवधियों
avdhiyon,अवधियों,अवधियों
avarohi,अवरोही,अवरोही
avrohi,अवरोही,अवरोही
avaran,अवर्ण,अवरण
avarn,अवर्ण,अवर्ण
avran,अवर्ण,अवरण
aawaskyakta,अवश्यकता,आवस्कयकता
avashyakta,अवश्यकता,अवश्यकता
avshykata,अवश्यकता,अवश्यकता
avashyamev,अवश्यमेव,अवश्यमेव
avshymev,अवश्यमेव,अवश्यमेव
avaastvik,अवास्तविक,अवस्तविक
avastweak,अवास्तविक,अवस्तवायक
awastvik,अवास्तविक,अवस्तविक
aviv,अवीव,अविव
avyavahaarik,अव्यावहारिक,अव्यवहारिक
avyavaharik,अव्यावहारिक,अव्यवहारिक
avyavharik,अव्यावहारिक,अव्यवहारिक
ashakt,अशक्त,आशक्त
ashkt,अशक्त,अशक्त
ashasakiy,अशासकीय,आशासकीय
ashaskiye,अशासकीय,आशासकीय
ashok,अशोक,आषोक
ashoka,अशोका,अशोका
asankhy,असंख्य,असंख्य
asankhya,असंख्य,असंख्या
asangat,असंगत,असंगत
asamaantaayen,असमानताएं,असमानताएं
asamaantayen,असमानताएं,असमानताएं
asamantae,असमानताएं,असमानते
asmantayen,असमानताएं,असमताएं
asar,असर,असार
asainik,असैनिक,असैनिक
asparshyataa,अस्पृश्यता,अस्पर्श्यता
asprashyata,अस्पृश्यता,अस्प्रश्यता
asprishyta,अस्पृश्यता,अस्पृश्यता
ahamiyat,अहमियत,अहमियत
ahmiyat,अहमियत,अहमियत
ahitkar,अहितकर,अहित्कार
aanand,आंनद,आनंद
anand,आंनद,अनंद
aansar,आंसर,आंसर
answer,आंसर,अनस्वर
itemon,आइटमों,इत्मोमों
aaina,आइना,आईना
irb,आईआरबी,ईर्ब
ieee,आईईईई,आईई
ias,आईएएस,आईएस
ioc,आईओसी,आईएस
outlet,आउटलेट,आउटलेट
aau,आऊ,आऊ
aauu,आऊ,आऊ
ou,आऊ,ऊओ
aao,आओ,आओ
aaoo,आओ,आओ
aakaasheeya,आकाशीय,आकाशीय
aakashiy,आकाशीय,आकाशीय
aakashiya,आकाशीय,आकाशिया
aagjani,आगजनी,आज्जनी
aaganan,आगणन,आगनन
aagman,आगणन,आगमान
aagarkar,आगरकर,आगरकर
agarkar,आगरकर,अगरकर
aachman,आचमन,आच्मान
ajadnagar,आजादनगर,अजद्नगर
azadnagar,आजादनगर,अज़नगर
aadambar,आडंबर,आडंबर
adambar,आडंबर,अदंबर
aadambaro,आडंबरों,आडंबरो
aadambaron,आडंबरों,आदमबारों
adambaron,आडंबरों,अदमबारों
aadat,आदत,आदात
aadatan,आदतन,आदातन
aadatein,आदतें,आदातें
aadaten,आदतें,आदातें
aadaton,आदतों,आदतों
aadar,आदर,आदर
aadhipaty,आधिपत्य,आधिपत्य
aadhipatya,आधिपत्य,आधिपत्य
aadhiptay,आधिपत्य,आधिपत्य
aadhi,आधी,आधी
aadhunikata,आधुनिकता,आधुनिकता
aadhunikta,आधुनिकता,आधुनिकता
aadhunikikaran,आधुनिकीकरण,आधुनिकीर्ण
aadhunikikarana,आधुनिकीकरण,आधुनिकीर्ण
adhunikikaran,आधुनिकीकरण,आधुनिकीर्ण
aanandita,आनंदिता,आनंदिता
aape,आपे,आपे
option,आप्शन,ऑप्टियन
aaf,आफ़,आफ
off,आफ़,ऑफ
aabhari,आभारी,आभारी
abhari,आभारी,आभरी
aamada,आमादा,आमदा
amaada,आमादा,आमाडा
amadaa,आमादा,अमड़ा
aayakar,आयकर,आयकर
aaykar,आयकर,आयकर
ayekar,आयकर,अयेकर
aayush,आयुष,आयुस
ayush,आयुष,आयुस
aayojik,आयोजिक,आयोजिक
aayojit,आयोजिक,आयोजित
ayojik,आयोजिक,अयोजिक
re,आरई,रे
aarch,आर्च,आर्क
arch,आर्च,आर्क
archer,आर्चर,आर्कर
aaryan,आर्यन,आर्याण
aryan,आर्यन,आर्याण
arya,आर्या,आर्य
aal,आल,आल
all,आल,एल
aalishaan,आलिशान,आलीशान
aalishan,आलिशान,आलीशान
aavantit,आवंटित,आवंतित
avantit,आवंटित,अवंतित
aavishakaron,आविष्कारों,आविष्कारों
aavishkaaron,आविष्कारों,आविष्कारों
avishkaron,आविष्कारों,आविष्कारों
aashankaon,आशंकाओं,आशंकाओं
ashankaon,आशंकाओं,आषंकाओं
aasheervachan,आशीर्वचन,आश्रीवाचन
aashirvachan,आशीर्वचन,आशीर्वाचन
ashirvachan,आशीर्वचन,अशीर्वाचन
ashura,आशुरा,अशुरा
aashcharyajanak,आश्चर्यजनक,आश्चर्याबक
aashcharyjank,आश्चर्यजनक,आश्चर्यादाव
ashcharyajanak,आश्चर्यजनक,आश्चर्यागात
aashrit,आश्रित,आश्रित
ashrit,आश्रित,अश्रित
aasama,आसमा,आसमा
aasma,आसमा,आसमा
asma,आसमा,असमा
aasaani,आसानी,आसानी
aasani,आसानी,आसनी
asani,आसानी,असानी
interpol,इंटरपोल,इंटरपोल
intra,इंट्रा,इंट्रा
industrial,इंडस्ट्रीयल,इंडस्ट्रियल
independant,इंडिपेंडेंट,इंडीपेंडेंट
independence,इंडिपेंडेंस,इंडीपेंडेंस
independent,इंडिपेंडेंट,इंडीपेंडेंट
indy,इंडी,इंडी
indoo,इंदू,इंडू
indu,इंदू,इंडु
influenza,इंफ्लूएंजा,इन्फ्लुइंगा
ekatthi,इकट्ठी,इक्ट्ठी
ekthhi,इकट्ठी,इक्त्थि
ikatthi,इकट्ठी,इक्ट्ठी
ikbal,इकबाल,इज्बाल
iqbal,इकबाल,इज्बैल
ekbalia,इकबालिया,एकबेलिया
ikbalia,इकबालिया,इज्बालिया
ikbaliya,इकबालिया,इज्बालिया
economy,इकॉनमी,इकोनॉमी
eco,ईको,ईसीओ
iko,इको,आईको
economics,इकोनोमिक्स,इकोनॉमिक्स
ikhatiyar,इख्तियार,इख्तियार
ikhtiyar,इख्तियार,इख्तियार
egypt,इजिप्ट,एजजिप्ट
ijisht,इजिप्ट,इजिष्ट
eat,इट,इंट
it,इट,आईटी
its,इट्स,आईटीएस
ethlati,इठलाती,एथलाती
ithlaati,इठलाती,इथलाती
etalvi,इतालवी,एटालवी
italavi,इतालवी,इतालावी
italvi,इतालवी,इतलवी
itihaasvid,इतिहासविद,इतिहासवाद
inlogon,इनलोगों,इनलॉगन
insight,इनसाइट,इनसिट
insite,इनसाइट,इनसाइट
insights,इनसाइट्स,इनसिट्स
insites,इनसाइट्स,इंसेटिस
inset,इनसेट,इनसेट
enu,इनु,इनू
ino,इनु,आईन
inu,इनु,इनू
infantry,इन्फेंट्री,इनफेंट्री
investigation,इन्वेस्टिगेशन,इन्वेस्टेजियन
emerging,इमर्जिंग,एमरगिंग
image,इमेज,इमाजे
imager,इमेजर,इमैजर
eiretrea,इरीट्रिया,एयरेट्री
eritrea,इरीट्रिया,एरिट्रीय
iritriya,इरीट्रिया,इरित्रिय
elaakon,इलाकों,इलाकों
ialkon,इलाकों,इलकों
ilakon,इलाकों,इलकों
ilaajon,इलाजों,इलाजों
ilajon,इलाजों,इलाजों
isha,इशा,ईशा
isaraar,इसरार,इसरार
isarar,इसरार,इसरार
israr,इसरार,इसरार
eesl,ईईएसएल,ईज़ी
iisl,ईईएसएल,आईएसएल
isabgol,ईसबगोल,इसबोबल
isbagol,ईसबगोल,इस्बेबल
esvi,ईस्वी,एसवी
isvi,ईस्वी,इसवी
uksaayaa,उकसाया,उकसाया
uksaya,उकसाया,उकसाया
ukhaadana,उखाड़ना,उखाड़ना
ukhadna,उखाड़ना,उखाड़ना
ugaati,उगती,उगाती
ugati,उगती,उगती
ugti,उगती,उगती
ugana,उगाना,उगाना
ugaahi,उगाही,उगाही
ugahi,उगाही,उगाही
ucchalne,उछलने,उछलने
uchhalne,उछलने,उछलने
uchlane,उछलने,उछलने
ujadane,उजड़ने,उजड़ने
ujadne,उजड़ने,उजड़ने
uthe,उठे,उठे
odisa,उड़िसा,ओडीसा
odissa,उड़िसा,ओडिसा
udisa,उड़िसा,उड़ीसा
udelte,उड़ेलते,उड़लेट
udeylatey,उड़ेलते,उड़ेलते
utaraai,उतराई,उतराई
utrai,उतराई,उतराई
utrayi,उतराई,उतराई
utsuk,उत्सुक,उत्सुक
udairaj,उदयराज,उदयराज
udayraj,उदयराज,उदयराज
uddhghosh,उद्घोष,उद्धोष
udghosh,उद्घोष,उद्होष
uddeshyaparak,उद्देश्यपरक,उद्देश्परक
uddeshyparak,उद्देश्यपरक,उद्देश्परक
udham,उधम,उधाम
unnees,उन्नीस,उन्नीस
unnis,उन्नीस,उन्निस
upakaran,उपकरण,उपकरण
upkaran,उपकरण,उपकारण
upakaranon,उपकरणों,उपकरणों
upkaranon,उपकरणों,उपकरणों
upkhand,उपखंड,उपखंड
upadeshakon,उपदेशकों,उपदेशकों
updeshakon,उपदेशकों,उपदेशकों
upadrav,उपद्रव,उपद्राव
updrav,उपद्रव,उपड़ाव
updrawa,उपद्रव,अपड़रावा
upanyaaskaar,उपन्यासकार,उपन्यस्कर
upnyaskar,उपन्यासकार,उपन्यस्कर
upabhoktaon,उपभोक्ताओं,उपाभिक्ताओं
upbhoktaon,उपभोक्ताओं,उपभक्ताओं
upabhoktawaad,उपभोक्तावाद,उपाभोक्तवाद
upbhoktavad,उपभोक्तावाद,उपभोक्तवाद
upbhoktawad,उपभोक्तावाद,उपहोक्तवाद
upabhoktawaadi,उपभोक्तावादी,उपबोक्षवादी
upbhoktavadi,उपभोक्तावादी,उपहोक्तवादी
upbhoktawadi,उपभोक्तावादी,उपहुक्तवादी
upamanyu,उपमन्यु,उपामान्यय
upmanyu,उपमन्यु,उपमान्यु
upmukhyamanti,उपमुख्यमंत्री,उपमुख्यामति
upmukhyamantri,उपमुख्यमंत्री,उपमुख्यापणती
upmukhymantri,उपमुख्यमंत्री,उपमुख्यापणती
uplabdhata,उपलब्धता,उपलबद्धता
uplabhdhata,उपलब्धता,उपलभद्ता
uplabdhi,उपलब्धि,उपलब्धि
uplabdhiyaan,उपलब्धियां,उपलबिधाएं
uplabdhiyan,उपलब्धियां,उपलबिधाएं
uplabhiyan,उपलब्धियां,उपलभियां
uplabdh,उपलव्ध,उपलब्ध
upved,उपवेद,उपवेद
upasthit,उपस्थित,उपस्थित
upsthit,उपस्थित,उपस्थित
uppal,उप्पल,उप्पल
ubhar,उभार,उभर
ubhaaron,उभारों,उभारों
ubharon,उभारों,उभरों
umas,उमस,उमास
urvarak,उर्वरक,यूर्वारक
urwarak,उर्वरक,यूर्वारक
urvarakta,उर्वरकता,उर्वारक्त
urvarkata,उर्वरकता,उर्वारकता
urwarkata,उर्वरकता,उर्वारकता
arwara,उर्वरा,अरवारा
urvara,उर्वरा,उर्वरा
uljhane,उलझाने,उलझने
ulat,उलट,उलत
ulati,उलटी,उलती
ulti,उल्टी,अल्टी
ulte,उल्टे,अल्ट
ullekh,उल्लेख,उल्लेख
ullekhit,उल्लेखित,उल्लेखित
urf,ऊर्फ,यूआर्फ
urfa,ऊर्फ,यूफ़ा
ra,ऋ,रा
ru,ऋ,रू
rituraj,ऋतुराज,रितुराज
ruturaj,ऋतुराज,रूतुराज
rishi,ऋर्षि,रिशी
rushi,ऋर्षि,रुशी
rishabh,रिषभ,रिशाभ
rushabh,ऋषभ,रुशाभ
enzymes,एंजाइम्स,एंजीम्स
antena,एंटेना,एंटेना
antenna,एंटेना,एंटेना
antonia,एंटोनिया,एंटोनिया
antoniya,एंटोनिया,एंटोनिया
anderson,एंडरसन,एंडरसन
arc,एआरसी,आर्क
aml,एएमएल,अम्ल
amg,एएमजी,अएमजी
ekarman,एकरमैन,एकर्मन
ekarmen,एकरमैन,एकर्में
yakarman,एकरमैन,यकर्मण
ekatmakta,एकात्मकता,एकत्मक्त
ekatmkata,एकात्मकता,एकत्मकता
exit,एक्ज़िट,एक्सिट
executive,एक्जीक्यूटिव,एक्सीक्यूटिव
exhicutive,एक्जीक्यूटिव,एक्कीचिक्टी
excel,एक्सल,एक्सेल
hec,एचईसी,हिक
hic,एचईसी,हिक
atrasiya,एट्रेसिया,अत्रसिया
atresiya,एट्रेसिया,अत्रेशिया
etresiya,एट्रेसिया,एट्रेशिया
ad,एड,एडी
add,एड,ऐड
ed,एड,ईड
adan,एडन,अदन
aiden,एडन,एडेन
adidas,एडिडास,एडिदास
adolf,एडोल्फ,एडोल्फ
ethan,एथन,इथान
nhs,एनएचएस,एनएचएस
nmdc,एनएमडीसी,एनडीएस
nsa,एनएसए,एनएसए
ngo,एनजीओ,एनजी
npf,एनपीएफ,एनपीएफ
mx,एमएक्स,एमएस्स
mhrd,एमएचआरडी,मूर्ड
msn,एमएसएन,एमएसएन
mts,एमटीएस,एमएटएस
mdma,एमडीएमए,मैडमा
mbd,एमबीडी,एमबीडी
emilie,एमिली,एमिलिय
emily,एमिली,एमिली
elvis,एलविस,एलविस
allied,एलाइड,एलाइड
elaid,एलाइड,एलेड
alex,एलेक्स,अलेक्स
elex,एलेक्स,इलेक्स
alexis,एलेक्सिस,एलेसिसिस
alexix,एलेक्सिस,एलेसेक्स
elexis,एलेक्सिस,इलेक्सिस
alexi,एलेक्सी,अलेक्सी
alexy,एलेक्सी,अलेक्सी
alder,एल्डर,अल्डर
elder,एल्डर,एल्डर
alphabet,एल्फाबेट,अल्फेबेट
alvin,एल्विन,अलविन
elvin,एल्विन,एलविन
avlin,एवलिन,अवलिन
evelyn,एवलिन,एवेलिन
evo,एवो,ईवो
ashton,एश्टन,अष्टों
sa,एसए,सा
sf,एसएफ,एसएफ
sm,एसएम,एसएम
sg,एसजी,एसजी
ncg,एससीजी,एनएसजी
scg,एससीजी,एससीजी
acetate,एसिटेट,अकेटेट
acidate,एसिटेट,एसिदाते
acf,एसीएफ,एसीएफ
associationon,एसोसिएशनों,एसोसिएट्शन
asther,एस्थर,अस्थेर
esther,एस्थर,एस्थर
aesthetics,एस्थेटिक्स,एस्टेडिक्स
asthetics,एस्थेटिक्स,एस्टेडिक्स
aisi,एैसी,एसी
actors,ऐक्टर्स,एक्टर्स
activation,ऐक्टिवेशन,एक्टिवेशन
age,ऐज,एज
edge,ऐज,एजीजे
aillen,ऐलन,एयलेन
ellan,ऐलन,एलेन
aili,ऐली,एली
ailly,ऐली,एयली
eli,ऐली,एली
elli,ऐली,एल्ली
auckland,ऑकलैंड,ऑकलांड
oakland,ऑकलैंड,ओकलांड
audio,ऑडियो,ओडियो
object,ऑब्जेक्ट,ओब्जेक्ट
objects,ऑब्जेक्ट्स,ओब्सेक्ट्स
oscar,ऑस्कर,ऑस्कर
oscars,ऑस्कर्स,ऑक्सर्स
onth,ओंठ,ओंठ
oasis,ओएसिस,ओसिस
auchhi,ओछी,ऑछ्छि
ochhi,ओछी,ओछी
ojon,ओजोन,ओज़ोन
ozone,ओजोन,ओज़ोन
ojhal,ओझल,ओझल
ozal,ओझल,ऑजल
auto,ओटो,ऑटो
ono,ओनो,ओनो
opal,ओपल,ओपल
orlando,ओरलैंडो,ऑर्लांडो
original,ओरिजिनल,ऑरिगिनल
overseas,ओवरसीज,ओवर्सेस
os,ओस,ओएस
ohayo,ओहायो,ओहाय
ohio,ओहायो,ओहियो
aushadhalay,औषधालय,औषधालय
aushdhalay,औषधालय,औध्धालय
aur,औेर,औैर
kankadon,कंकड़ों,कांकड़ों
kankaron,कंकड़ों,कांकरों
kanchon,कंचों,कांचों
congestion,कंजेशन,कंजेशन
conjesion,कंजेशन,कंजेशन
conjunction,कंजेशन,कंजर्केशन
consumer,कंज्यूमर,कंसमर
controlled,कंट्रोल्ड,कंट्रोल्ज
kandmool,कंदमूल,कंदमूल
kandmul,कंदमूल,कंदमुल
kanmul,कंदमूल,कन्मुल
kampkampi,कंपकपी,कांपकम्पी
kampkapi,कंपकपी,काम्पकाली
kambal,कंबल,कांबल
kanbal,कंबल,कांबल
kakshak,कक्षक,कक्षक
kakshaen,कक्षाएं,कक्षाएं
kakshayen,कक्षाएं,कक्ष्याएं
kashaen,कक्षाएं,कशाएं
kachaura,कचौरी,कचौरा
kachauri,कचौरी,कचौरी
kachuri,कचौरी,कचुरी
katvana,कटवाना,काटवाना
katwana,कटवाना,काटवाना
katahal,कटहल,कटहल
kathal,कटहल,कथाल
katas,कटास,कटास
kadakadaduuma,कड़कड़डूमा,कड़ाड़क्घुमा
kadakadduma,कड़कड़डूमा,कड़ाड़क्ध्र
kadkadduma,कड़कड़डूमा,कड़कड़ियम
katai,कतई,कटाई
kataii,कतई,कटाई
katla,कतला,कतला
katlaa,कतला,कतला
kadamtaal,कदमताल,कड़मताल
kadamtal,कदमताल,कादमतल
connect,कनेक्ट,कनेक्टर
connector,कनेक्टर,कनेक्टर
connecting,कनेक्टिंग,कन्येक्टिंग
connectivity,कनेक्टिविटी,कनेस्टिवी
kapol,कपोल,कपोल
kpol,कपोल,कपोल
coupolon,कपोलों,कोपोलों
kapolon,कपोलों,कपोलों
kab,कब,काब
kamaccha,कमच्छा,कमच्छा
kamccha,कमच्छा,कामच्छा
kamchcha,कमच्छा,कामच्छा
kamjoriyan,कमज़ोरियां,कमजोरियों
kamzoriyan,कमज़ोरियां,कामजोरियों
kamjoriyon,कमज़ोरियों,कमजोरियों
kamzoriyon,कमज़ोरियों,कामजोरियों
kamjori,कमज़ोरी,कामजोरी
kamzori,कमज़ोरी,कामजोरी
kamataul,कमतौल,कमतौल
kamtaul,कमतौल,कंताल
kamariya,कमरिया,कमरिया
kmariya,कमरिया,कमरिया
kamalini,कमलिनी,कमलिनी
kamlini,कमलिनी,कामलिनी
committee,कमिटी,कमिट्टी
commity,कमिटी,कमेटी
kaami,कमी,कामी
kami,कमी,कामी
karkamlon,करकमलों,कर्कमलों
karkmalon,करकमलों,कार्कमालों
kara,करा,कारा
kareem,करीम,करीम
karim,करीम,करिम
karae,करै,कराए
karai,करै,कराई
karolbagh,करोलबाग,करोलबाढ
karolbaugh,करोलबाग,करोलबोध
curt,कर्ट,कर्ट
kurt,कर्ट,कुर्ट
karnafool,कर्णफूल,करनफूल
karnaphool,कर्णफूल,करनापूल
karnful,कर्णफूल,कर्णफूल
karta,कर्ता,करता
karnatak,कर्नाटक,करणातक
karnataka,कर्नाटक,करणातक
curv,कर्व,कर्व
curve,कर्व,कर्व
kalkal,कलकल,कालकाल
kalyug,कलयुग,काल्युग
kalpana,कल्पना,काल्पना
kalpna,कल्पना,काल्पना
kavval,कव्वाल,कववाल
qawwal,कव्वाल,काववाल
kashish,कशिश,काशिश
kasht,कष्ट,काष्ट
kasamen,कसमें,कसमें
kasmen,कसमें,कस्में
kahlaegi,कहलाएगी,कहलेगी
kahlayegi,कहलाएगी,कहलाएगी
kahein,कहें,कहें
kahen,कहें,कहें
kazi,क़ाज़ी,काजी
qazi,क़ाज़ी,काजी
kanta,कांटा,कांटा
kanti,कांटी,कांती
kante,कांटे,कंटे
kanto,कांटो,कांटो
kanton,कांटों,कांटों
kandal,कांडला,कंदाल
kandala,कांडला,कंडाला
kandla,कांडला,कंदला
counter,काउंटर,काउंटर
cauntron,काउंटरों,काउंटरों
counteron,काउंटरों,काउंटरों
kaag,काग,काग
kag,काग,काग
kaagaji,कागज़ी,कागजी
kaagazi,कागज़ी,कागजी
kaagji,कागज़ी,कागजी
kaagzi,कागज़ी,कागजी
kagaji,कागज़ी,कागजी
kagazi,कागज़ी,कागजी
kagji,कागज़ी,कागजी
kagzi,कागज़ी,कागजी
kaagajo,कागज़ों,काग़ाजों
kaagajon,कागज़ों,कागजों
kaagazon,कागज़ों,कागजों
kagajon,कागज़ों,कागजों
kagazon,कागज़ों,कागजों
katjoo,काट्जू,कत्जो
katju,काट्जू,कट्जू
katyayani,कात्यायनी,कत्ययनी
katyayni,कात्यायनी,कात्यायनी
kadiyan,कादियान,कड़ियां
kadiyana,कादियान,कड़ियाना
kaabiliyat,काबिलियत,काबिलियत
kabiliyat,काबिलियत,कबीलियत
karkhanon,कारखानों,कारखानों
cardinalon,कार्डिनलों,कार्डिनलों
kardinalon,कार्डिनलों,कार्डिनलों
kartiki,कार्तिकी,कारतीकी
karyakarta,कार्यकर्ता,कार्यकर्ता
karykarta,कार्यकर्ता,कार्यकर्ता
kaalaka,कालका,कालका
kalka,कालका,काल्का
kala,काला,काला
kalis,कालिस,कालिस
coloniyan,कालोनियां,कॉलोनियन
kaloniyan,कालोनियां,कालोनियन
coloniyon,कालोनियों,कॉलिनियों
colonyon,कालोनियों,कॉलनों
kaloniyon,कालोनियों,कालोनियों
kitani,कितनी,कितनी
kitni,कितनी,किटनी
kiran,किरण,किरान
kiranon,किरणों,किरानों
kirnon,किरणों,किर्नों
kiraya,किराया,किराया
kileband,किलेबंद,किलेबंद
kisaan,किसान,किसान
kisan,किसान,किसन
kicker,कीकर,किकर
kikar,कीकर,किकर
kunthit,कुंठित,कुंठित
kundali,कुंडली,कुंडली
kundli,कुंडली,कुंडली
cucunur,कुकुनूर,कुकनुर
kukunoor,कुकुनूर,कुकूनूर
kukunur,कुकुनूर,कुकुनुर
kutumbakkam,कुटुंबकम्,कुटुमबक्काम
kutumbkam,कुटुंबकम्,कुटुंबकम
kutunmbakam,कुटुंबकम्,कुटंबरकाम
kuprabandhan,कुप्रबंधन,कुप्रभंधान
kumhar,कुम्हार,कुम्हार
kurkura,कुरकुरा,कुरूकरा
kuru,कुरू,कुरू
kursiyan,कुर्सियां,कुर्सियां
kursi,कुर्सी,कुर्सी
kulle,कुल्ले,कुल्ले
cution,कुशन,कट्यून
kushan,कुशन,कुशान
kusanskar,कुसंस्कार,कुसंसकर
kusanskaron,कुसंस्कारों,कुसांसकरों
kootaa,कूटा,कूटा
kuta,कूटा,कूटा
kutaa,कूटा,कूटा
kritatva,कृतित्व,कृतत्व
krititv,कृतित्व,कृतित्व
krititva,कृतित्व,कृतित्व
kritiyon,कृतियों,कृतियों
krishi,कृषि,कृष्टि
krishanam,कृष्णम,कृष्णाम
krishnam,कृष्णम,कृष्णम
cake,केक,केक
cader,केडर,कैडर
cadre,केडर,कैडर
cameo,केमियो,कैमियो
kemiyo,केमियो,केमियो
kelaang,केलांग,केलांग
kelang,केलांग,केलंग
case,केस,कैसे
kes,केस,केस
cason,केसों,कैसन
keson,केसों,केसों
canbara,कैनबरा,कैनबारा
canberra,कैनबरा,कैनबर्टा
canedi,कैनेडी,कैनेडी
kennedy,कैनेडी,केनेडी
camilo,कैमिलो,कैमिलो
kamilo,कैमिलो,कामिलो
character,कैरेक्टर,चरक्टर
characters,कैरेक्टर्स,चैरेक्टर्स
carolin,कैरोलिन,कारोलिन
caroline,कैरोलिन,कारोलिन
carolyn,कैरोलिन,कैरोलिन
calorie,कैलोरी,कैलोरी
cashback,कैशबैक,कैशबक
coin,कॉइन,कोएं
cong,कॉन्ग,कांग
kong,कॉन्ग,कोंग
condom,कॉन्डोम,कंडोम
combo,कोंबो,कोंबो
koilavar,कोइलवर,कोइलवर
koilover,कोइलवर,कोयोलर
koilwar,कोइलवर,कोइलवार
kokrajhaar,कोकराझार,कोकराझार
kokrajhar,कोकराझार,कोकराझर
kokrazar,कोकराझार,कोकराज़ार
coachon,कोचों,कोचों
cochon,कोचों,कोचों
kochon,कोचों,कोचों
kotali,कोटली,कोटली
coded,कोडेड,कोडेड
coma,कोमा,कोमा
coram,कोरम,कोरम
koram,कोरम,कोरम
coal,कोल,कोल
cholesterol,कोलेस्ट्रोल,चॉलेस्टर
collam,कोल्लम,कॉलम
kollam,कोल्लम,कोलम
kollum,कोल्लम,कोलम
koshikiy,कोशिकीय,कोशीकिय
koshikiya,कोशिकीय,कोशीकिया
koshkiy,कोशिकीय,कोष्कीय
coastar,कोस्टार,कोस्टर
costar,कोस्टार,कोस्टर
kautik,कौतिक,कौटिक
kaushik,कौशिक,कौशिक
cuba,क्यूबा,क्यूबा
cubic,क्यूबिक,क्यूबिक
kyuubik,क्यूबिक,क्यूबिक
kranti,क्रांति,क्रंति
creative,क्रिएटिव,क्रिएटिव
cricketaron,क्रिकेटरों,क्रिकेटरों
cricketeron,क्रिकेटरों,क्रिकेटरों
crete,क्रीट,क्रेट
krit,क्रीट,कृत
crook,क्रुक,क्रूक
cruck,क्रुक,क्रुक
cruise,क्रूस,क्रूज
cruz,क्रूज़,क्रूज
cruiser,क्रूज़र,क्रूजर
cruzer,क्रूज़र,कर्जर
kruratam,क्रूरतम,क्रूरतम
krurtam,क्रूरतम,क्रूत्राम
kurtam,क्रूरतम,कूर्तम
cyrus,क्रूस,सिरस
krus,क्रूस,क्रुस
crazy,क्रेज़ी,करेजी
crest,क्रेस्ट,क्रेस्ट
krest,क्रेस्ट,क्रेस्ट
crops,क्रॉप्स,क्रॉप्स
croaker,क्रोकर,क्रॉकर
crocker,क्रोकर,क्रॉकर
krokar,क्रोकर,क्रोकर
croma,क्रोमा,क्रूमा
chromium,क्रोमियम,क्रीमों
chromate,क्रोमेट,क्रोमेट
climate,क्लाइमेट,क्लिमेट
class,क्लास,क्लेस
classical,क्लासिकल,क्लास्टिकल
classi,क्लासी,क्लासी
classy,क्लासी,क्लेसी
classification,क्लासीफिकेशन,क्लासिटिक्शन
clasen,क्लासेन,क्लेसन
cleanser,क्लिंजर,क्लिंसर
cleg,क्लेग,क्लेज
kleg,क्लेग,क्लेग
clan,क्लेन,क्लान
clane,क्लेन,क्लाने
clen,क्लेन,क्लेन
cler,क्लेर,क्लाइर
cvanr,क्वांर,क्वैन
quanr,क्वांर,क्वांर
qwanr,क्वांर,क्वांर
kshamadan,क्षमादान,क्षमदान
kshmadan,क्षमादान,क्षमादन
shmadan,क्षमादान,श्मदान
kshmasheel,क्षमाशील,क्षमेशील
kshmashil,क्षमाशील,क्षमशील
shmashil,क्षमाशील,श्मशील
kshinta,क्षीणता,क्षणीता
shinta,क्षीणता,शींठा
kshem,क्षेम,क्षेत्र
shem,क्षेम,शीम
khand,खण्ड,खंड
khandwa,खंडवा,खांडवा
khatak,खटक,खटक
khtak,खटक,खट्क
khatta,खट्टा,खट्टा
khadagpur,खड़गपुर,खदगपुर
kharagpur,खड़गपुर,खरगपुर
khada,खड़ा,खड़ा
khanda,खण्ड,खंडा
khata,खता,खाता
khaton,खतों,खातों
khanijon,खनिकों,खानिजों
khanikon,खनिकों,खानिकों
khabboo,खब्बू,खब्बू
khabbu,खब्बू,खब्बू
khaman,खमण,खामन
khamman,खमण,खामनान
khamariya,खमरिया,खमरिया
khamriya,खमरिया,खमरिया
kharsiya,खरसिया,खर्सिया
kharaash,खराश,खराश
kharash,खराश,खरश
kharcheeli,खर्चीली,खर्चीली
kharchilee,खर्चीली,खर्चीली
kharchili,खर्चीली,खर्चीली
khalnayakon,खलनायकों,खलनायकों
khajana,ख़ज़ाना,खजाना
khawaja,ख़्वाजा,ख्वाजा
khwaja,ख़्वाजा,ख्वाजा
khaanche,खांचे,खांचे
khanche,खांचे,खांचे
khaatamey,खात्मे,खाटामे
khatme,खात्मे,ख़त्मे
khala,खाला,खाला
khalon,खालों,खालों
khaaskar,खासकर,खास्कार
khaskar,खासकर,खास्कर
khilkar,खिलकर,खिलकर
khilauna,खिलौना,खिलौना
khilona,खिलौना,खिलौना
khisakkar,खिसककर,खिसककर
khudava,खुदवा,खुदवा
khudwa,खुदवा,खुड़वा
khurd,खुर्द,खुर्द
khurda,खुर्दा,खुर्दा
khush,खुश,खुष
khushiyon,खुशियों,खुश्तियों
khusaro,खुसरो,खुसरो
khusro,खुसरो,खुसरों
kheda,खेड़ा,खेड़ा
khemkaran,खेमकरण,खेमकरण
khaira,खैरा,खैरा
khor,खोर,खोर
khola,खोला,खोला
gangabaai,गंगाबाई,गंगाबाई
gangabai,गंगाबाई,गंगाबाई
ganjepan,गंजेपन,गंजेपन
gandak,गंडक,गंदक
gau,गऊ,गौ
gatta,गट्टा,गत्ता
gadkari,गडकरी,गड़कारी
gadhiya,गढ़िया,गढ़िया
gadhiyan,गढ़िया,गढ़ियां
ganataantrik,गणतांत्रिक,गणातांत्रिक
ganatantrik,गणतांत्रिक,गणतांत्रिक
gantantrik,गणतांत्रिक,गंटांत्रिक
ganaraajya,गणराज्य,गणराज्य
ganarajya,गणराज्य,गणराज्य
ganrajya,गणराज्य,गंतर्य
ganarajyon,गणराज्यों,गणरजयों
ganrajyon,गणराज्यों,गणरजयों
gunboat,गनबोट,गुणबूत
gunbot,गनबोट,गुंबोट
gar,गर,गार
garib,गरीब,गरीब
garibon,गरीबों,गारीबों
garjan,गर्जन,गर्जन
garbhagrih,गर्भगृह,गर्भागृह
garbhgrah,गर्भगृह,गर्भाग्रह
garbhgrih,गर्भगृह,गर्भागृह
garbhini,गर्भिणी,गर्भिनी
garmahat,गर्माहट,गर्महट
girls,गर्ल्स,गिर्ल्स
galatfahmiyon,गलतफहमियों,गलताफाहिम़ी
galatfehmiyon,गलतफहमियों,गैलताफियों
galatfahmi,गलतफहमी,गैलताफामी
galatfehmi,गलतफहमी,गैलाटफामी
galegi,गलेगी,गलेगी
gavan,गवां,गंवन
guided,गाइडेड,गाइड
gaba,गाबा,गाबा
gartner,गार्टनर,गर्तनेर
gardener,गार्डनर,गर्देनर
gardner,गार्डनर,गर्दनेर
garnet,गार्नेट,गैनेट
galav,गालव,गैलाव
galv,गालव,गैल्व
gidgidane,गिड़गिड़ाने,गिड़गिदाने
giriraj,गिरीराज,गिरिराज
gire,गिरे,गिरे
gilas,गिलास,गीलास
geeta,गीता,गीता
gita,गीता,गीता
gile,गीले,गिले
gunj,गुंज,गूंज
gujara,गुजरा,गुजरा
gujra,गुजरा,गुजरा
gujari,गूजरी,गुजरी
gundosh,गुणदोष,गुणदोश
gungunate,गुनगुनाते,गुनगुनते
gungunathe,गुनगुनाते,गुनगुनाथे
guptkal,गुप्तकाल,गुप्तकाल
gupta,गुप्ता,गुपटा
gufatgu,गुफ्तगू,गुफातगू
guftgoo,गुफ्तगू,गुफ्तूओ
guftgu,गुफ्तगू,गुफ्टगू
gurcharan,गुरचरण,गर्चरण
gurujan,गुरुजन,गुरूजन
gurda,गुर्दा,गुर्दा
gulli,गुल्ली,गुल्ली
gena,गेना,जेना
gayl,गेल,गेल
gayle,गेल,गायले
gel,गेल,जेल
gas,गेस,गॉस
guess,गेस,गीज
going,गोइंग,गोईंग
goethe,गोएथे,गोथे
goyethe,गोएथे,गोयते
gogunda,गोगुंदा,गोगुंडा
gomatinagar,गोमतीनगर,गोमेटिनगर
gomtinagar,गोमतीनगर,गोमिटनगर
gombe,गोम्बे,गोंबे
gor,गोर,गोर
goron,गोरों,गोरों
goroun,गोरों,गोरोन
goshthi,गोष्ठी,गोष्ठी
gauhar,गौहर,गौहर
gyaarah,ग्यारह,ज्ञाराह
gyarah,ग्यारह,ज्ञाराह
granth,ग्रंथ,ग्रेंथ
grantho,ग्रंथो,ग्रंथो
granthon,ग्रंथों,ग्रेंथों
graft,ग्राफ्ट,ग्रैफ्ट
grapht,ग्राफ्ट,ग्राफ्ट
gramin,ग्रामीण,ग्रैमिन
graminon,ग्रामीणों,ग्रामिनों
gramoday,ग्रामोदय,ग्रमोदय
grim,ग्रिम,ग्रीम
grain,ग्रैन,ग्रेन
gran,ग्रैन,ग्रान
glacier,ग्लेशियर,ग्लेसियर
glacieron,ग्लेशियरों,ग्लीसर
glecieron,ग्लेशियरों,ग्लीक्रीयरों
ghanghor,घनघोर,घंघोर
ghamasan,घमासान,घमासन
gharwaale,घरवाले,घरवाले
gharwale,घरवाले,घरवाले
gharat,घराट,घरात
ghati,घाटी,घटी
ghis,घिस,घिस
ghisen,घिसें,घीसेन
ghutno,घुटनो,घूटनों
ghud,घुड़,घूड़
ghumakkad,घुमक्कड़,घुमाक्कड़
ghumaati,घुमाती,घुमाती
ghumati,घूमती,घुमाती
ghuspaith,घुसपैठ,घुस्पाठ
ghuspet,घुसपैठ,घुस्पेट
ghuspaithiyan,घुसपैठियों,घुस्पतियां
ghuspaithiyon,घुसपैठियों,घुस्पतियों
ghuspetiyoun,घुसपैठियों,घुस्पतियों
ghoonse,घूंसे,घूंसे
ghunse,घूंसे,घुंसे
ghoomti,घूमती,घूमती
ghumthi,घूमती,घूमती
ghumti,घूमती,घूमति
ghoomte,घूमते,घूमते
ghumate,घूमते,घूमते
ghumte,घूमते,घूमते
ghumthe,घूमते,घूमते
ghoomaane,घूमाने,घूमने
ghumaane,घूमाने,घुमाने
ghumane,घूमाने,घूमने
gherna,घेरना,घेरना
ghernaa,घेरना,घेरना
gholate,घोलते,घोलते
gholte,घोलते,घोलते
ch,च,सीएच
cha,च,छा
chandar,चंदर,चंदर
chander,चंदर,चंदर
chandra,चंदर,चंद्रा
chanda,चंदा,चांडा
chandaa,चंदा,चांडा
chande,चंदे,चांडे
chandrama,चंद्रमा,चंद्रामा
chandrma,चंद्रमा,चंदर्मा
chakaleshwar,चकलेश्वर,चकलेश्वर
chakleshwar,चकलेश्वर,चक्लेश्वर
chakkaron,चक्करों,चक्करों
chacheri,चचेरी,चैचेरी
chatargy,चटर्जी,चटर्गी
chatarji,चटर्जी,चतर्जी
chatterjee,चटर्जी,चैटर्जी
chatushkon,चतुष्कोण,चातुस्कों
chapate,चपेट,चपटे
chapet,चपेट,चपेट
chamoli,चमोली,चमोली
charachar,चराचर,चरचर
chalaaki,चलाकी,चलाकी
chalaki,चलाकी,चालाकी
chahchahahat,चहचहाहट,चाहचहाहट
chahate,चहते,चाहते
chahte,चहते,चाहते
chahara,चहरा,चाहरा
chehra,चहरा,चेहरा
childhood,चाइल्डहुड,चिलड़ुध
chak,चाक,चक
chatate,चाटते,चटते
chatane,चाटने,चटने
chatne,चाटने,चटने
chatumars,चातुर्मास,चतुप्म्स
chaturmas,चातुर्मास,चतुर्मस
chadrein,चादरें,चाड़रें
chadren,चादरें,चाड़रें
chardiwari,चारदिवारी,चार्डिवारी
charu,चारु,चारू
chare,चारे,चेरे
charo,चारो,चरो
charger,चार्जर,चार्गर
charter,चार्टर,चार्टर
chahega,चाहेगा,चाहेगा
chintu,चिंटू,चिंतु
chintajanak,चिंताजनक,चितनाजाग
chintajank,चिंताजनक,चितंताज़
chithhiyon,चिठ्ठियों,चित्हियों
chiththiyon,चिठ्ठियों,चित्तिहियों
chitthiyon,चिठ्ठियों,चित्तियों
chidchide,चिड़चिड़े,चिड़चाइड
chiththa,चित्त,चित्ठा
chitt,चित्त,चित्त
chiththi,चित्ती,चित्ठी
chitti,चित्ती,चित्ती
chithrkari,चित्रकारी,चित्रकारी
chitrkari,चित्रकारी,चित्रकारी
chithrkaron,चित्रकारों,चित्रकारों
chitrakaron,चित्रकारों,चित्राकारों
chitrkaron,चित्रकारों,चित्रकारों
chita,चीता,चिता
chithade,चीथड़े,चितड़े
chumban,चुंबन,चुंबन
chunban,चुंबन,चुनबान
chukata,चुकाता,चुकता
chukatha,चुकाता,चुकटा
chunani,चुननी,चुननी
chunnani,चुननी,चुननी
chunni,चुननी,चुन्नी
chunavaa,चुनवा,चुनवा
chunva,चुनवा,चुनवा
chunwa,चुनवा,चुनवा
chunauti,चुनौति,चुनौती
chunothi,चुनौति,चुनौती
chunautiyon,चुनौतियों,चुनौतियों
chunothiyon,चुनौतियों,चुनौतियों
chubh,चुभ,चुभ
chase,चेज,चासे
chej,चेज,चेज़
chatak,चेटक,चटक
chetak,चेटक,चेतक
chettiar,चेट्टियार,चेत्टियर
chettiyar,चेट्टियार,चेट्टियर
chelsea,चेल्सी,चेल्सिया
chelsy,चेल्सी,चेलेसी
choriyaan,चोरियां,चोरियां
choriyan,चोरियां,चोरियां
choriyo,चोरियों,चोरियो
choriyon,चोरियों,चोरियों
chankati,चौंकती,चानकती
chaunkati,चौंकती,चौंखती
chaunkti,चौंकती,चौंखती
chauntis,चौंतीस,चौंटीस
chaunsath,चौंसठ,चौंसत
chausath,चौंसठ,चौसत
chaukiyon,चौकियों,चौकियों
chaukon,चौकों,चौकों
chaupalo,चौपालों,चौपलो
chaupalon,चौपालों,चौपलों
chaube,चौबे,चौबे
chaubepur,चौबेपुर,चौबरपुर
chhapra,छपरा,छपरा
chhapan,छप्पन,छापन
chhappan,छप्पन,छप्पन
chhalaavaa,छलावा,छलावा
chhalava,छलावा,छलावा
chhaviyaan,छवियां,छवियां
chhaviyan,छवियां,छवियां
chhaviyon,छवियों,छावियों
chhae,छाए,छाए
chhaye,छाए,छाये
chhach,छाछ,छाच
chhachh,छाछ,छछ्छ
chhaanakar,छानकर,छानाकार
chhankar,छानकर,छंकर
chaya,छाया,चया
chhaya,छाया,छाया
chhaayaakaar,छायाकार,छायाकार
chhayakar,छायाकार,छायाकार
chayaprati,छायाप्रति,चयप्रति
chhaayaaprati,छायाप्रति,छायापति
chhayaprati,छायाप्रति,छायप्रति
chhit,छिट,छित
chhid,छिड़,छिड़
chhida,छिड़ा,छिड़ा
chhidaa,छिड़ा,छिड़ा
chhidi,छिड़ी,छिड़ी
chheepate,छिपते,छिपते
chhipate,छिपते,छिपटे
chhipte,छिपते,छिपटे
chhup,छुप,छुप
chhupi,छुपी,छुपी
chhupy,छुपी,छुपी
chupi,छुपी,चुपी
chhpe,छुपे,छिपे
chhupe,छुपे,छुपे
chhooti,छूती,छूटी
chhuti,छूती,छुट्टी
chhedate,छेड़ते,छेड़ते
chhedte,छेड़ते,छेड़ते
chhodane,छोड़ने,छोड़ने
chhodne,छोड़ने,छोड़ने
janjeer,जंजीर,जंजीर
zanjeer,जंजीर,जंजीर
janjeera,जंजीरा,जानझीरा
janjira,जंजीरा,जनजीरा
jnjiraa,जंजीरा,जनझीरा
janjeere,जंजीरें,जांजीरे
janjeeren,जंजीरें,जंजीरें
janjiren,जंजीरें,जनजीरें
zanjiren,जंजीरें,जंजीरें
zanzeeren,जंजीरें,जंजीरें
janjeeron,जंजीरों,जंजीरों
janjiroa,जंजीरों,जानजीरों
janjiron,जंजीरों,जांजीरों
janziron,जंजीरों,जांजीरों
zanjeeron,जंजीरों,जंजीरों
jakad,जकड़,जकद
jakd,जकड़,जक्द
jagadishpur,जगदीशपुर,जगदीपचृप
jagdeeshpur,जगदीशपुर,जगद्वीपुर
jagdishpur,जगदीशपुर,जगदीपशर
jajh,जज,जाझ
judge,जज,जुड़े
jujge,जज,जुज़गे
jatavaadaa,जटवाड़ा,जतवाडा
jatbaada,जटवाड़ा,जतबदा
jatvada,जटवाड़ा,जतवाडा
jatwada,जटवाड़ा,जतवाडा
jatelta,जटिलता,जटेलता
jatilataa,जटिलता,जतिलता
jatilta,जटिलता,जटिलता
jatiltaa,जटिलता,जतिलता
jtilta,जटिलता,जतिलता
jtiltaa,जटिलता,जतिलता
jateltaon,जटिलताओं,जटेलताओं
jatilataon,जटिलताओं,जटिलताओं
jatiltaon,जटिलताओं,जटिलताओं
jtiltaaon,जटिलताओं,जटिलताओं
jtiltaon,जटिलताओं,जटिलताओं
jadata,जड़ता,जड़ता
jadataa,जड़ता,जड़ता
jadta,जड़ता,जड़ता
jaddi,जड़ी,जड़ड़ी
jadee,जड़ी,जड़ी
jadi,जड़ी,जाडी
jdi,जड़ी,जड़ी
jado,जड़ों,जाडो
jadon,जड़ों,जाड़ों
jataane,जताने,जताने
jatane,जताने,जताने
jtane,जताने,जताने
janagana,जनगण,जानगना
jangan,जनगण,जांगन
janajeevan,जनजीवन,जनजीवन
janajivan,जनजीवन,जनजीवन
janjeevan,जनजीवन,जनजीवन
janjevan,जनजीवन,जनजेवन
janjivan,जनजीवन,जनजीवन
janjivn,जनजीवन,जनजीं
jananeta,जननेता,जननेता
janantaa,जननेता,जन्नता
janneta,जननेता,जन्नेटा
jannetaa,जननेता,जन्नेटा
janasangh,जनसंघ,जनसंघ
jansangh,जनसंघ,जनसंघ
jansngh,जनसंघ,जनसंग
janasoochana,जनसूचना,जनसूचना
janasuchana,जनसूचना,जनसूचना
janasuchna,जनसूचना,जनसूच्ण
jansuchana,जनसूचना,जनसूचना
jansuchna,जनसूचना,जनसूचना
jansuchnaa,जनसूचना,जनसूचना
janaab,जनाब,जनाब
janab,जनाब,जनब
janaopayogi,जनोपयोगी,जनपोयोगी
janopayogee,जनोपयोगी,जनोपयोगी
janopayogi,जनोपयोगी,जनोपयोगी
jannat,जन्नत,जन्नत
janmashati,जन्मशती,जन्मशाती
janmshati,जन्मशती,जन्मशाति
jamashedpur,जमशेदपुर,जमाश
jamshedpur,जमशेदपुर,जमशेंदपुर
jayate,जयते,जायते
jayte,जयते,जयते
jaideep,जयदीप,जैदीप
jayadeep,जयदीप,जयदीप
jayadip,जयदीप,जयदीप
jaydeep,जयदीप,जैदीप
jayan,जयन,जायन
jayen,जयन,जायें
jaishankar,जयशंकर,जयशानकर
jayshankar,जयशंकर,जयशंकर
jaisawal,जयसवाल,जयसवाल
jaiswal,जयसवाल,जैसवाल
jaya,जया,जाया
jayaa,जया,जया
jalaajali,जलांजलि,जलाजली
jalaanjali,जलांजलि,जलांजली
jalanjali,जलांजलि,जालंजली
javeri,जवेरी,जवेरी
zaveri,जवेरी,जवेरी
jahar,जहर,जाहर
jaher,जहर,जाहर
zahar,जहर,जाहर
zaher,जहर,जाहर
jaharon,जहरों,जाहरों
jahron,जहरों,जाहरों
zameer,ज़मीर,जमीर
zamir,ज़मीर,जमीर
jaao,जाओ,जाओ
jao,जाओ,जाओ
jaagkar,जागकर,जागकर
jagakar,जागकर,जगाकर
jagkar,जागकर,जगकर
jaagati,जागती,जागती
jagati,जागती,जगती
jaagane,जागने,जागने
jagane,जागने,जगाने
jagne,जागने,जगने
jagrat,जागृत,जाग्रत
jagrit,जागृत,जागरित
jagrut,जागृत,जागरूत
jaago,जागो,जागो
jago,जागो,जागो
jaajpur,जाजपुर,जाजपुर
jajapur,जाजपुर,जजापुर
jajpur,जाजपुर,जजपुर
jaade,जाड़े,जाड़े
jade,जाड़े,जाड़े
jadav,जादव,जादव
jaankaar,जानकार,जानकर
jankar,जानकार,जनकर
jaankaariyan,जानकारियां,जानकारियां
jankariyan,जानकारियां,जनकरियां
jaankaariyon,जानकारियों,जानकारियों
jaankariyon,जानकारियों,जानकरियों
jankariyon,जानकारियों,जनकारियों
jaankaari,जानकारी,जानकारी
jaankari,जानकारी,जानकारी
jankari,जानकारी,जानकारी
jaaniye,जानिए,जानिये
janiye,जानिए,जानिये
jaaneman,जानेमन,जानेमैन
jaanemann,जानेमन,जानेमानें
janeman,जानेमन,जनेमैन
jaafarpur,जाफरपुर,जाफरपुर
jafarpur,जाफरपुर,जाफरपुर
jaamwal,जामवाल,जामवाल
jamval,जामवाल,जामवाल
jamwal,जामवाल,जामवाल
jaame,जामे,जामे
jame,जामे,जेम
jayal,जायल,जायल
joyal,जायल,जोयल
george,जार्ज,जॉर्ज
jarj,जार्ज,जर्ज
javadekar,जावड़ेकर,जवादेकर
javdekar,जावड़ेकर,जववेदर
jaavid,जाविद,जाविद
javid,जाविद,जाविद
jitane,जितने,जीतने
jitne,जितने,जीतने
jinak,जिनके,जिनक
jinake,जिनके,जिनके
jinke,जिनके,जिनके
jinaalay,जिनालय,जिनालय
jinalay,जिनालय,जिनलाई
gypsion,जिप्सियों,जिप्सिन
gypsiyon,जिप्सियों,गिप्सियों
jimma,जिम्मा,जिम्मा
jimmaa,जिम्मा,जिम्मा
jian,जियान,जियान
jiyaan,जियान,जियान
jiyan,जियान,जियान
jiyo,जियो,जियो
giraffe,जिराफ,गिरफ़्ल
ge,जीई,ईज
jee,जीई,जी
ji,जीई,जी
genee,जीनी,जेनी
jeenee,जीनी,जीनी
jini,जीनी,जिनी
jiyanpur,जीयनपुर,जीन्यपुर
jivantata,जीवंतता,जीवनता
jivantataa,जीवंतता,जीवनता
jivantta,जीवंतता,जीवंत्ता
jeevnon,जीवनों,जीवनों
jivano,जीवनों,जीवाणो
jivanon,जीवनों,जीवानों
gsat,जीसैट,गसत
gset,जीसैट,गैसेट
jut,जुट,जूत
jute,जुटे,जूते
judate,जुड़ते,जुड़ते
judte,जुड़ते,जुड़ते
judaas,जुडास,जुडास
judas,जुडास,जुडास
junshaan,जुनशान,जुंशान
junshan,जुनशान,जुंशान
jurmane,जुर्माने,जर्मने
jurrat,जुर्रत,जूरत
julana,जुलना,जुलाना
julanaa,जुलना,जुलना
julna,जुलना,जुलना
joodi,जूडी,जूडी
judi,जूडी,जुडी
julian,जूलियन,जूलियां
jm,जेएम,जेम
jedda,जेद्दा,जेददा
jen,जेन,जेन
zen,जेन,जेन
geoffrey,जेफरी,ज्यॉफ्री
jefary,जेफरी,जेफरी
jeffery,जेफरी,जेफरी
jack,जैक,जैक
jackman,जैकमैन,जैकमैन
jackie,जैकी,जैकी
jacky,जैकी,जैक्य
jackson,जैक्सन,जैक्सन
jagger,जैगर,जगेगर
jaigar,जैगर,जैगर
jaingranthon,जैनग्रंथों,जैंग्रेथन
jaingrnthon,जैनग्रंथों,जैंग्रेथन
jaina,जैना,जैना
genion,जैनियों,जेनियन
jainiyon,जैनियों,जैनियों
jockey,जॉकी,जॉकी
job,जॉब,जोब
jo,जो,जो
jong,जोंग,जोंग
jokhimo,जोखिमों,जोखिमो
jokhimon,जोखिमों,जोखीमों
jodte,जोडते,जोड़ते
jodtey,जोडते,जोड़ते
jorte,जोडते,जोरते
jod,जोड़,जोड़
jodiyaan,जोड़ियां,जोड़ियां
jodiyan,जोड़ियां,जोड़ियां
jodi,जोड़ी,जोडी
jota,जोता,जोता
joshua,जोशुआ,जोशुआ
jauhar,जौहर,जौहर
jauhariyon,जौहरियों,जुहारियों
jauhari,जौहरी,जौहरी
gyandev,ज्ञानदेव,ज्ञादेव
jvaare,ज्वारे,ज्वायर
jvare,ज्वारे,ज्वेयर
jware,ज्वारे,ज्वेयर
jhanjhari,झंझरी,झंझरी
jhadane,झडने,झड़ने
jhadne,झडने,झड़ने
jhadapon,झड़पों,झाडपों
jhapakana,झपकाना,झपकना
jhapkaanaa,झपकाना,झपकाना
jhapkana,झपकाना,झपकाना
jhar,झर,झर
zar,झर,जार
jhadol,झाड़ोल,झाड़ोल
jharol,झाड़ोल,झरोल
jhaapad,झापड़,झापड़
jhapad,झापड़,झपड़
jhalawad,झालावाड़,झालावाद
jhunjhalahat,झुंझलाहट,झुंझलाहट
jhunjhamahat,झुंझलाहट,झुंझाझात
jhunjhlahat,झुंझलाहट,झुंझलहट
jhukana,झुकना,झुकाना
jhukna,झुकना,झुकना
jhunjhunu,झुन्झुनू,झुंझुजू
jhelate,झेलते,झेलते
jhelte,झेलते,झेलते
jhonkane,झोंकने,झोंकने
jhonkne,झोंकने,झोंकने
jhola,झोला,झोला
jholi,झोली,झोली
takarata,टकराता,टकराता
takraata,टकराता,टकराता
takrata,टकराता,टकराता
takarane,टकराने,टकरने
takraane,टकराने,टकराने
takrane,टकराने,टकराने
tatti,टट्टी,तट्ती
taanka,टांका,तांका
tanka,टांका,टंका
tanki,टांका,टांकी
taangne,टांगने,तांगने
tangane,टांगने,तंगने
tangne,टांगने,टंगने
tighten,टाइटन,टिथटें
titan,टाइटन,टिटन
titen,टाइटन,टिटें
tifun,टाइफून,टीफुन
typhoon,टाइफून,टिफून
timing,टाइमिंग,टिमिंग
town,टाऊन,टोवन
takia,टाकिया,तकिया
takiya,टाकिया,तकीया
tata,टाटा,ताता
toilet,टायलेट,टॉल्ट
tylet,टायलेट,टाइलेट
tikata,टिकता,टीकता
tikta,टिकता,टीकता
tiktaa,टिकता,टिकटा
ticker,टिकर,टिकर
tikar,टिकर,टीकर
teeki,टिकी,टीकी
tiki,टिकी,टिकी
teenteen,टिनटिन,टींटीन
tintin,टिनटिन,तिंटिन
tips,टिप्स,टिप्स
tibbi,टिब्बी,तिब्बी
tibby,टिब्बी,टिब्बी
timtimaate,टिमटिमाते,तीमिटमेट
timtimate,टिमटिमाते,तीमिटमेट
tkdl,टीकेडीएल,ट्टडी
teach,टीच,टीच
tvs,टीवीएस,टीवीएस
tender,टेंडर,टेंडर
tendor,टेंडर,टेंडोर
technical,टेक्निकल,तकनीकलास
tedhi,टेढ़ी,तेधी
tenesi,टेनेसी,टेनेसी
tennessee,टेनेसी,टेनेस
terence,टेरेंस,टेरेंस
terrence,टेरेंस,टेरेंस
testo,टेस्टों,टेस्टो
teston,टेस्टों,टेस्टन
testosteron,टेस्टोस्टेरॉन,टेस्टोस्टरों
testosterone,टेस्टोस्टेरॉन,टेस्टोस्ट्रेन
tong,टोंग,टोंग
token,टोकन,टोकें
totake,टोटके,टोटके
totke,टोटके,टोट्के
tobacco,टोबेगो,टोबेको
tobego,टोबेगो,टोबेगो
tune,ट्यून,टूने
tyun,ट्यून,ट्यून
ttunar,ट्यूनर,ट्यूनर
tuner,ट्यूनर,ट्यूनर
trucko,ट्रकों,ट्रुक्सो
truckon,ट्रकों,ट्रुकों
tribute,ट्रिब्यूट,ट्रिब्यूट
trim,ट्रिम,त्रिम
tree,ट्री,ट्री
thappa,ठप्पा,थप्पा
thitholi,ठिठोली,थिथोली
ththoli,ठिठोली,थ्थोली
thukraakar,ठुकराकर,ठुक्राकार
thukrakar,ठुकराकर,ठुक्राकार
dakt,डक्ट,दक्त
duct,डक्ट,डक्ट
dagmagane,डगमगाने,डगमगाने
date,डेट,डेट
daten,डटे,देतें
dabara,डबरा,दबरा
dabra,डबरा,दबरा
dabok,डबोक,डबोक
dove,डव,डॉव
dancers,डांसर्स,डांसर्स
dansers,डांसर्स,डांसर्स
dining,डाइनिंग,डायिंग
doubt,डाउट,डब्ट
dought,डाउट,दूत
download,डाउनलोड,डॉवनलॉड
downloading,डाउनलोडिंग,डॉवनलॉगिंग
downloding,डाउनलोडिंग,डॉवनलोगिंग
dakiya,डाकिया,दकीय
dabar,डाबर,दबर
dabur,डाबर,डावर
daynasoron,डायनासोरों,दायनसोरों
dinosauron,डायनासोरों,डिनोसरों
dynasoro,डायनासोरों,डायनसोरो
dynasoron,डायनासोरों,डायनसोरों
daalti,डालती,दालती
dalati,डालती,डालती
dalti,डालती,डालती
dala,डाला,डाला
daali,दाली,दाली
dali,दाली,दली
dega,डिएगो,देगा
diaego,डिएगो,डायीगो
diago,डिएगो,डायागो
decaine,डिकेन,डिसाइन
dicken,डिकेन,डिक्कन
diken,डिकेन,डिकेन
defensiv,डिफेंसिव,डेफेंसिव
defensive,डिफेंसिव,डिफेंसेव
delay,डिले,डेले
dele,डिले,डेले
drs,डीआरएस,डीआरएस
deo,डीईओ,डियो
dn,डीएन,दीन
dth,डीटीएच,द्रोह
dw,डीडब्ल्यू,डीवी
ddt,डीडीटी,डीटी
dbs,डीबीएस,डीएस
deluxe,डीलक्स,डिल्कस
do,डु,दो
dubone,डुबोने,डूबोने
dumra,डुमरा,दूमरा
doobkar,डूबकर,डूबकर
dubkar,डूबकर,डूबकर
data,डेट,दाता
debt,डेट,डेब्ट
dating,डेटिंग,डेटिंग
dates,डेट्स,डेट्स
deputy,डेप्यूटी,डिप्टी
darias,डेरियस,डारियस
darius,डेरियस,डारियस
delivery,डेलिवरी,डिलीवरी
doctorate,डॉक्टरेट,डॉक्ट्रेट
doctret,डॉक्टरेट,डॉक्ट्रेट
dodger,डोजर,डॉगर
doser,डोजर,डॉसर
donovan,डोनोवैन,डोनोवन
donpovain,डोनोवैन,डोंपोवन
domino,डोमिनो,डोमिनो
domain,डोमेन,डोमें
domen,डोमेन,डोमें
dolomite,डोलोमाइट,डोलामिट
dosa,डोसा,दोसा
drai,ड्राई,ड्रे
dry,ड्राई,डरी
dribble,ड्रिबल,ड्रिब्बल
drible,ड्रिबल,ड्राइबल
drag,ड्रैग,द्रैग
dhakana,ढकना,ढकना
dhakna,ढकना,ढकना
dhaaniyon,ढाणियों,धानियों
dhaniyon,ढाणियों,धनियों
dhaani,ढाणी,धानी
dhani,धनी,धानी
dhikala,ढिकाला,धिकला
dheeth,ढीठ,धीतः
dhith,ढीठ,ठिता
dheelapan,ढीलापन,धीलापन
dhilapan,ढीलापन,धिलापन
dhoondhate,ढूंढते,ढूंढते
dhoondhnte,ढूंढते,ढूंढने
dhoondhte,ढूंढते,ढूंढते
dhundhate,ढूंढते,धूंधते
dhundhte,ढूंढते,धूंधते
dhoondha,ढूंढा,धूंध
dhundha,ढूंढा,धूंध
dhoondhe,ढूंढे,ढूंढे
dhundhe,ढूंढे,ढूंढे
dhoondhen,ढूंढें,ढूंधें
dhundhen,ढूंढें,धूंधें
dholak,ढोलक,धोलक
tantrika,तंत्रिका,तंत्रिका
tantrikeeya,तंत्रिकीय,तंत्रिकीय
tantrikiy,तंत्रिकीय,तंत्रिकीय
tantriy,तंत्रिकीय,तांत्रीय
takdeer,तकदीर,टकड़ीर
takdir,तकदीर,तकड़ीर
taqdir,तकदीर,टकड़ीर
takali,तकली,तकली
takli,तकली,तकली
taki,ताकि,ताकी
tadaagi,तड़ागी,तादगी
tadagi,तड़ागी,तादगी
tansukh,तनसुख,तंसुख
tanisha,तनीशा,तानिशा
tapasvini,तपस्विनी,तपस्विनी
tapaswini,तपस्विनी,तपस्विनी
tapsvini,तपस्विनी,तपस्विनी
tabassum,तबस्सुम,तबास्पुम
tabssum,तबस्सुम,तब्ससुम
tabhi,तभी,तभी
tar,तर,तार
tarr,तर,तर्र
taraf,तरफ,ताराफ
taraste,तरसते,तरस्ते
tarsate,तरसते,तरसते
taraashne,तराशने,तराशने
tarshne,तराशने,तर्शने
tarasha,तराशा,तारशा
tarashi,तराशी,तारशी
tarkvaadi,तर्कवादी,तरक्वादी
tarkvadi,तर्कवादी,तरक्वादी
tarkwadi,तर्कवादी,तरकवादी
tarko,तर्को,टार्को
talpade,तलपडे,ताप्पादे
talaashanaa,तलाशना,तलाशना
talashana,तलाशना,तलाशना
tale,तले,ताले
talleen,तल्लीन,टालें
tallin,तल्लीन,ताल्लिन
taslim,तस्लीम,तस्लीम
taaki,ताकि,ताकी
taajik,ताजिक,ताजिक
tajik,ताजिक,ताजिक
taajul,ताजुल,ताजुल
tajul,ताजुल,ताजुल
taatya,तात्या,तात्य
tattya,तात्या,तत्त्य
tatya,तात्या,तट्य
taapmaan,तापमान,टापमान
tapman,तापमान,तप्मान
taarakol,तारकोल,तारकोल
taarkol,तारकोल,तारकोल
tarkol,तारकोल,तर्कोल
taarif,तारीफ़,तारीफ
tareef,तारीफ़,तारीफ
tarif,तारीफ़,तारीफ
taare,तारे,तारे
tare,तारे,तारे
taalaband,तालाबंद,तालाबंद
talaband,तालाबंद,तालाबंद
tikona,तिकोना,टीकोणा
tithi,तिथी,तिथि
timaahi,तिमाही,तिमहाई
timahi,तिमाही,तिमही
timir,तिमिर,टिमिर
tirap,तिरप,तिरप
tirp,तिरप,टाइर्प
tiraskarat,तिरस्कृत,तिरस्कारत
tiraskrit,तिरस्कृत,तिरस्कृत
tiraskrut,तिरस्कृत,तिरस्कृत
tirskrit,तिरस्कृत,तिरस्कृत
tisari,तिसरी,तीसरी
tisri,तिसरी,तिस्री
teerandaji,तीरंदाजी,तीरंदजी
teerndaaji,तीरंदाजी,तीरंदाजी
tirandaji,तीरंदाजी,तिरंदजी
tukka,तुक्का,टुक्का
tumne,तुमने,तुमने
tumhare,तुम्हारे,तुम्हारे
turkey,तुर्की,टर्की
turki,तुर्की,तुरकी
ten,तें,तेन
tendoo,तेंदू,टेंडू
tendu,तेंदू,टेंडू
tendukheda,तेंदूखेड़ा,तेंदुकेड
tejpur,तेजपुर,तेजपुर
tezpur,तेजपुर,तेजपुर
tejasvi,तेजस्वी,तेजासवी
tejaswi,तेजस्वी,तेजासवी
tejsvi,तेजस्वी,तेज़स्वी
tejaab,तेजाब,तेजाब
tejab,तेजाब,तेजाब
teliyon,तेलियों,टेलियों
teliy,तेलीय,टेली
teliya,तेलीय,तेलिया
tevar,तेवर,तेवर
tevaron,तेवरों,तेवरों
tevron,तेवरों,टेवरों
taiyab,तैयब,तैयब
todna,तोडना,तोड़ना
tota,तोता,टोटा
toshi,तोषी,तोशी
taulane,तौलने,तौलने
taulne,तौलने,टाउनें
taula,तौला,ताऊला
trilok,त्रिलोक,ट्रिलोक
thakakar,थककर,थकाकर
thakkar,थककर,ठक्कर
thapthapane,थपथपाने,थप्थपारे
thapthpane,थपथपाने,थप्ठपाने
thermal,थर्मल,थर्मल
thaati,थाती,ठाती
thati,थाती,ठोटी
thaamne,थामने,थामने
thamne,थामने,थामने
theater,थिएटर,थीटर
theter,थिएटर,ठेटर
thank,थैंक,ठंक
thanks,थैंक्स,ठंक्स
thnaks,थैंक्स,थ्नैक्स
thaila,थैला,थाइला
thela,थैला,थेला
thailiyaan,थैलियां,थाइलियां
thailiyan,थैलियां,थैलियां
thailiyon,थैलियों,थैलियों
thailon,थैलों,थाइलों
thomas,थोमस,थॉमस
thrast,थ्रस्ट,थरास्त
thrust,थ्रस्ट,थृज्त
three,थ्री,थ्री
dange,दंगे,डंगे
dand,दंत,दंड
dant,दंत,दांत
dakkan,दक्कन,डक्कन
dagaabaaja,दगाबाज,दगाबाजा
dagabaaj,दगाबाज,दगाबाज
dagabaj,दगाबाज,दगदाज
dagabaja,दगाबाज,दगदाजा
dan,दन,दान
dafanai,दफनाई,दफनाई
dafnaai,दफनाई,दफनाई
dafnaayi,दफनाई,दफनायी
damyanti,दमयंती,दमयंती
damit,दमित,दमित
darvaajaa,दरवाजा,दरवाजा
darvaja,दरवाजा,दरवाजा
darwaja,दरवाजा,दरवाजा
daras,दरस,डरेस
dariyaai,दरियाई,दरियाई
dariyai,दरियाई,दरियाई
dariapur,दरियापुर,दरियपुर
dariyapur,दरियापुर,दरियपुर
dariba,दरीबा,डरिबा
darjan,दर्जन,दरजान
darre,दर्रे,डरे
darshae,दर्शाई,दर्शाए
darshaee,दर्शाई,दर्शाएं
darshai,दर्शाई,दर्शाई
dal,दाल,डाल
dalbeer,दलबीर,डालबीर
dalbir,दलबीर,डालबीर
dalel,दलेल,डालेल
dalele,दलेल,दलेले
dalon,दालों,दालों
dashahra,दशहरा,दशहरा
dashara,दशहरा,दशरा
dussehra,दशहरा,दसहरेआ
dashansh,दशांश,दशांश
dastaane,दस्ताने,दस्ताने
dastane,दस्ताने,दस्ताने
dastaveji,दस्तावेजी,दस्तावेजी
dastveji,दस्तावेजी,दस्तावेजी
dastavejon,दस्तावेजों,दस्तावेजों
dahak,दहक,दाहक
dahala,दहला,दहला
dahalaa,दहला,दहला
dahla,दहला,दहला
dadar,दादर,दादार
daam,दाम,दाम
daaman,दामन,दामन
daman,दामन,दमन
daamaad,दामाद,दमाड़
damad,दामाद,दमद
damini,दामिनी,दमिनी
daamon,दामों,दामों
damon,दामों,दमों
daal,दाल,डाल
daalee,दाली,दाली
dalee,दाली,दली
daalon,दालों,दालों
dalo,दालों,डालो
daahsanskar,दाहसंस्कार,दाहसंक्षर
dahsanskar,दाहसंस्कार,दहस्संकर
dahine,दाहिने,दाहिने
digambar,दिंगबर,दिगंबर
dingabar,दिंगबर,दिनगबर
dingbar,दिंगबर,दिंगबर
digar,दिगर,दिगर
dinajpur,दिनाजपुर,दिनाजपुर
dinakpur,दिनाजपुर,दिनाकपुर
dimaag,दिमाग,दीमाग
dimag,दिमाग,दीमाग
dimaagi,दिमागी,दीमागी
dimagi,दिमागी,डीमेगी
dimaagon,दिमागों,दीमागों
dimagon,दिमागों,दीमागों
diyaas,दियास,दियास
diyas,दियास,दियास
diljale,दिलजले,दिलजाले
dilvaaye,दिलवाए,दिलवाये
dilvae,दिलवाए,दिलवाए
dilwaaye,दिलवाए,दिलवाए
dilwaye,दिलवाए,दिलवाए
dilaaya,दिलाया,दिलाया
dilaya,दिलाया,दिलाया
dilayaa,दिलाया,दिलाया
dilaayi,दिलायी,दिलाई
dilayi,दिलायी,दिलाई
dilip,दिलीप,दिलिप
deen,दीन,दीन
din,दीन,दीन
deep,दीप,डीप
dip,दीप,डीप
deepa,दीपा,दीपा
dipa,दीपा,दिपा
diwaaliya,दीवालिया,दिवालिया
diwaliya,दीवालिया,दिवालिया
dukaan,दुकान,दूकान
dukan,दुकान,दूकान
dukaane,दुकानें,दूकाने
dukaanen,दुकानें,दूकानें
dukanen,दुकानें,दूकनें
dukh,दुख,दुख
dukha,दुख,दुखा
dukhi,दुखी,दुखी
dugune,दुगुने,दुगुने
dughartna,दुघर्टना,दुघरत्न
durghatna,दुघर्टना,दुर्घटना
dutkaar,दुत्कार,दुत्कार
dudhiya,दुधिया,दूधिया
dudhiyaa,दुधिया,दूधिया
dupatta,दुपट्टा,दूपत्ता
duptta,दुपट्टा,दुप्तता
dubai,दुबई,दुबाई
dubaara,दुबारा,दुबारा
dubara,दुबारा,डुबरा
durruh,दुरूह,दुरूरु
duruh,दुरूह,दूरू
durghatnaon,दुर्घटनाओं,दुर्घतनाओं
durghtnaon,दुर्घटनाओं,दुर्घतनाओं
dusre,दुसरे,दूसरे
doosri,दूसरी,दूसरी
dusri,दूसरी,दूसरी
dradhataa,दृढ़ता,दृधता
dradhta,दृढ़ता,दृधता
dridhta,दृढ़ता,दृध्ता
deghaat,देघाट,देघात
deghat,देघाट,देघात
dete,देते,देते
deodar,देवदार,दीदर
devdaar,देवदार,देवदार
devdar,देवदार,देवदर
devidaas,देवीदास,देविदास
devidas,देवीदास,देविदास
dainy,दैन्य,दैन्य
dainya,दैन्य,दैन्य
daivagy,दैवज्ञ,दैवग्य
daivajny,दैवज्ञ,दैवाजन्य
daivgya,दैवज्ञ,दैवग्या
dogune,दोगुने,दोगुने
doharaane,दोहराने,दोहराने
doharane,दोहराने,दोहरने
dohrane,दोहराने,दोहराने
daudane,दौड़ाने,दौड़ने
daulat,दौलत,दौलत
draupadi,द्रोपदी,द्रौपदी
dropadi,द्रोपदी,द्रोपदी
drohi,द्रोही,द्रोही
dvadashi,द्वादशी,द्वदाशी
dwadashi,द्वादशी,द्वदाशी
davarpal,द्वारपाल,डावरपाल
dwarpal,द्वारपाल,द्वारपाल
davesh,द्वेश,दावेश
dvesh,द्वेश,द्वेष
dwesh,द्वेश,द्वेष
dhanda,धंधा,धनदा
dhandha,धंधा,धंधा
dhanarthi,धनार्थी,धनर्थी
dhanop,धनोप,धनोप
dhabbe,धब्बे,धब्बे
dharati,धरती,धारती
dharti,धरती,धरती
dharne,धरने,धरने
dharma,धर्मा,धर्मा
dhaarakon,धारकों,धारकों
dharakon,धारकों,धारकों
dharkon,धारकों,धरकों
dhuandhar,धुंआधार,धुनधर
dhunaadhaar,धुंआधार,धुनधार
dhunaadhar,धुंआधार,धुनधर
dhunadhar,धुंआधार,धुनधर
dhundhalapan,धुंधलापन,धुंधलापन
dhundhlapan,धुंधलापन,धुंधलापन
dhut,धुत,धूत
dhu,धू,धू
dhun,धून,धुन
dhuun,धून,धुन
dhumar,धूम्र,धूमर
dhumra,धूम्र,धूमरा
dhote,धोते,धोते
dhyey,ध्येय,ढ्ये
dhyeya,ध्येय,ध्येय
nange,नंगे,नंगे
nakum,नकुम,नकूम
naksalavaadiyon,नक्सलवादियों,नकस्लवादियों
naksalwadiyon,नक्सलवादियों,नकस्लवादियों
naxalvaadiyon,नक्सलवादियों,नक्सवादलियों
naxalwaadiyon,नक्सलवादियों,नक्सवादियों
naksalavaadi,नक्सलवादी,नक्ससायदावी
naksalvadi,नक्सलवादी,नकस्लवादी
naxalvaadi,नक्सलवादी,नक्सवलदी
naxalwaadi,नक्सलवादी,नक्सवलद़ी
nageena,नगीना,नगीना
nagina,नगीना,नागीना
nach,नच,नाच
najar,नजर,नज़र
nazar,नजर,नज़र
najariye,नजरिये,नजरिए
najrie,नजरिए,नजरी
najriye,नजरिये,नजरिए
nazarie,नजरिए,नज़री
najrein,नजरें,नजरें
najren,नजरें,नज़रें
najraana,नज़राना,नजराना
nazraana,नज़राना,नजराना
nazrana,नज़राना,नजरना
najd,नज्द,नाजद
najda,नज्द,नजड़ा
nathu,नथु,नाथु
nabh,नभ,नाभ
narita,नरिता,नारिता
narula,नरूला,नरुला
narega,नरेगा,नारेगा
naresh,नरेश,नरेश
nargis,नर्गिस,नार्ग्सिस
navtej,नवतेज,नावतेज
navbahaar,नवबहार,नवबहार
navbahar,नवबहार,नवबहर
navy,नव्य,नेवी
navya,नव्य,नव्य
nasht,नष्ट,नाष्ट
nahae,नहाए,नहए
nahaye,नहाए,नहाए
nice,नाइस,नीस
nagesh,नागेश,नागेश
naachi,नाची,नाची
nachi,नाची,नाची
naacho,नाचो,नाचो
nacho,नाचो,नाचो
naate,नाते,नाते
nate,नाते,नाते
nanaki,नानकी,नानकी
nanki,नानकी,नंकी
nabaleeg,नाबालिग,नबलीग
nabalig,नाबालिग,नबलिग
nabaligon,नाबालिगों,नाबालिगों
naabhi,नाभि,नाभी
nabhi,नाभि,नभी
naamdan,नामदान,नामदान
namdan,नामदान,नमदान
naamroop,नामरूप,नामरूप
naamrup,नामरूप,नामरूप
namrup,नामरूप,नमरूप
namankan,नामांकन,नमानकण
namantaran,नामांतरण,नमानतरण
namumkin,नामुमकिन,नमूमुकिन
naamon,नामों,नामों
namon,नामों,नमों
nayakon,नायकों,न्यकों
narad,नारद,नारद
naraj,नाराज,नाराज़
naavikon,नाविकों,नाविकों
navikon,नाविकों,नविकों
naashte,नाश्ते,नाश्ते
nashte,नाश्ते,नाश्ते
nick,निक,नीक
nik,निक,निक
nikaalate,निकालते,निकालते
nikaalte,निकालते,निकालते
nikalate,निकालते,निकालते
nikalte,निकालते,निकलते
nikharata,निखरता,निखारता
nikharataa,निखरता,निखारता
nikhara,निखारा,निखारा
nikharaa,निखरा,निखारा
nikhare,निखरे,निखारे
nikhaar,निखार,निखार
nikhar,निखार,निखर
nikhaaraa,निखारा,निखारा
nigohi,निगोही,निगोही
nijaampur,निजामपुर,निजामपुर
nijampur,निजामपुर,निजामपुर
nizampur,निजामपुर,निजामपुर
nit,नित,एनआईटी
niptaane,निपटाने,निपटाने
niptane,निपटाने,निपटाने
nibhaakar,निभाकर,निभाकार
nibhakar,निभाकर,निभाकार
nimna,निम्र,निम्ना
nimr,निम्र,निंप्र
nimra,निम्र,निम्र
niraksharata,निरक्षरता,निरक्षारता
niraksharataa,निरक्षरता,निरक्षारता
niraksharta,निरक्षरता,निरक्षार्ता
niraksharon,निरक्षरों,निरक्षारों
nirupama,निरुपमा,निरूपमा
nirupamaa,निरुपमा,निरूपामा
nirupma,निरुपमा,निरूम्मा
nivaaran,निवारण,निवारण
nivaran,निवारण,निवारण
nivaaraniy,निवारणीय,निवारणीय
nivaaraniya,निवारणीय,निवारणीय
nivarniy,निवारणीय,निवर्णीय
nivesh,निवेश,निवेश
niveshak,निवेशक,निवेषक
niveshakon,निवेशकों,निवेशकों
niveshit,निवेशित,निवेशित
niveshon,निवेशों,निवेशों
nishaadaraaj,निषादराज,निषादारज
nishadraj,निषादराज,निष्द्रज
nishdaraaj,निषादराज,निष्दराज
nihaarati,निहारती,निहारती
nihaarti,निहारती,निहारती
neend,नींद,नींद
nind,नींद,निंड
neet,नीत,नीत
neeti,नीति,नीति
niti,नीति,नीति
neetigat,नीतिगत,नीतिगत
nitigat,नीतिगत,नितिगत
neeraj,नीरज,नीराज
niraj,नीरज,निराज
neelaambar,नीलांबर,नीलंबर
nilaambar,नीलांबर,निलंबर
nilaanbr,नीलांबर,निलंबिर
nilambar,नीलांबर,निलंबर
noo,नू,नू
nu,नू,नू
nrity,नृत्य,नृत्य
nritya,नृत्य,नृत्य
nrutya,नृत्य,नृत्य
naturopathy,नेचुरोपैथी,नातूरपोथी
net,नेट,नेट
netvest,नेटवेस्ट,नेटवेस्ट
netwest,नेटवेस्ट,नेटवेस्ट
nets,नेट्स,नेट्स
netaaon,नेताओं,नेताओं
netaon,नेताओं,नेताओं
netraheen,नेत्रहीन,नेत्राहीन
netrhin,नेत्रहीन,नेत्रहीन
namesake,नेमसेक,नमेसके
nemsek,नेमसेक,नेमसेक
neva,नेवा,नेवा
newa,नेवा,नेवा
newaa,नेवा,नेवा
nation,नेशन,नाटियों
nairaashya,नैराश्य,नैराशय
nairashy,नैराश्य,नैराशय
nairashya,नैराश्य,नैराशय
knock,नॉक,नोक
knorr,नॉर,न्योरर
nor,नॉर,नोर
nokia,नोकिया,नोकिया
nokha,नोखा,नोखा
nova,नोवा,नोवा
nautanki,नौटंकी,नौटांकि
notanki,नौटंकी,नोटांकि
nautan,नौतन,नौटन
pankchar,पंक्चर,पंचकर
puncture,पंक्चर,पंचर
pankti,पंक्ति,पंकती
panktiyon,पंक्तियों,पंक्तियों
panchangon,पंचांगों,पंचांगों
punchangon,पंचांगों,पंचंगों
panchhiyon,पंछियों,पंच्यियों
panchiyon,पंछियों,पंचियों
panjabi,पंजाबी,पंजाबी
punjabi,पंजाबी,पुंजबी
pandalon,पंडालों,पंडलों
pakate,पकते,पकते
pakte,पकते,पकते
paki,पकी,पाकी
pakshapati,पक्षपाती,पक्षपति
pakshpaati,पक्षपाती,पक्षपति
pachranga,पचरंगा,पचरांगा
patak,पटक,पताक
pada,पड़ा,पड़ा
padaa,पड़ा,पड़ा
padegi,पड़ेगी,पड़ेगी
patila,पतीला,पतीला
patilaa,पतीला,पतलिला
patniyaan,पत्नियां,पतनियां
patniyan,पत्नियां,पतनियां
pathari,पथरी,पठारी
pathri,पथरी,पथरी
pad,पद,पैड
paday,पद्य,पड़य
pady,पद्य,पड़ी
padya,पद्य,पद्य
padhaaranaa,पधारना,पढ़ारणा
padharana,पधारना,पढ़रना
padharna,पधारना,पढ़ारा
pappi,पप्पी,पप्पी
publication,पब्लिकेशन,पब्लिकेशन
parchhae,परछाई,परखाए
parchhai,परछाई,परखाई
parjiviyon,परजीवियों,परजिवियों
paran,परण,परण
parana,परण,परणा
paratdaar,परतदार,परत्दार
paratdar,परतदार,परत्दार
pardes,परदेस,परदेस
parnaanaa,परनाना,परणाना
parnana,परनाना,परनाना
parlok,परलोक,पार्लोक
parawarti,परवर्ती,परावर्ती
parvarti,परवर्ती,परवर्ती
parwarti,परवर्ती,परवर्ती
parvaan,परवान,परवान
parvan,परवान,परवान
parwaan,परवान,परवान
parasaad,परसाद,परसाद
parsaad,परसाद,परसाद
parsad,परसाद,परसाद
paraajay,पराजय,पराजय
parajay,पराजय,पराजय
paraajayon,पराजयों,पराजयों
parajayon,पराजयों,परजाईयों
paraatpar,परात्पर,परातपार
paratpar,परात्पर,परतपर
parikalp,परिकल्प,परिकल्प
parichaarikaa,परिचारिका,परिचारिका
paricharika,परिचारिका,परिचारिका
parimaan,परिमाण,परिमान
parimana,परिमाण,परिमाना
periman,परिमाण,पेरीमैन
parimanaatmak,परिमाणात्मक,परिमानात्मक
perimanatmak,परिमाणात्मक,पेरीमानात्मक
parivartansheel,परिवर्तनशील,परिवर्तनशील
parivartanshil,परिवर्तनशील,परिवर्तनशील
parishadein,परिषदें,परिसादें
parishaden,परिषदें,परिसदें
parikshan,परीक्षण,परीक्षण
parikshanon,परीक्षणों,परीक्षणों
paroste,परोसते,परोस्ट
palaash,पलाश,पलाश
palash,पलाश,पलश
palla,पल्ला,पाल्ला
pallaa,पल्ला,पल्ला
pulsar,पल्सर,पुलसर
pulser,पल्सर,पुलसर
pahnaanaa,पहनाना,पहनाना
pahnana,पहनाना,पहनना
pehnana,पहनाना,पहनना
pahalgaam,पहलगाम,पहलगाम
pahalgam,पहलगाम,पहलगाम
pahalvi,पहलवी,पहलवी
pahlavi,पहलवी,पहलवी
pehlavi,पहलवी,पहलवाई
pahunchana,पहुंचना,पहुंचाना
pahunchanaa,पहुंचना,पहुंचाना
pahunchna,पहुंचना,पहुंचना
pahunchaayein,पहुंचाएं,पहुंचाएं
pahunchaen,पहुंचाएं,पहुंचाएं
pahunchayen,पहुंचाएं,पहुंचाएं
pahunchaati,पहुंचाती,पहुंचाती
pahunchati,पहुंचाती,पहुंचती
paayegaa,पाएगा,पायेगा
payega,पाएगा,पायेगा
paao,पाओ,पाओ
pao,पाओ,पाओ
pachchajanya,पाञ्चजन्य,पचचावना
pajjanya,पाञ्चजन्य,पजजन्य
panchjanya,पाञ्चजन्य,पंचावन्य
paapaa,पापा,पापा
papa,पापा,पापा
paayathan,पायथन,पायथन
pithan,पायथन,पिठान
python,पायथन,पिथों
paaramparik,पारंपरिक,पार्माप्रिक
paramparik,पारंपरिक,पारंपारिक
paranparik,पारंपरिक,परंपरिक
paardarshi,पारदर्शी,पारदर्शी
pardarshi,पारदर्शी,परदर्शी
paarasnaath,पारसनाथ,पारस्नाथ
parasnath,पारसनाथ,परस्नाथ
parliament,पार्लियामेंट,पार्लियमेंट
paashaatya,पाश्चात्य,पाशात्य
pakshatya,पाश्चात्य,पक्षत्य
paschatya,पाश्चात्य,पश्चत्य
paasing,पासंग,पायसिंग
pasang,पासंग,पसंग
picka,पिका,पिक्का
pika,पिका,पीका
pikaa,पिका,पिका
pictures,पिक्चर्स,पिक्टर्स
pixel,पिक्सेल,पिक्सल
pig,पिग,पीग
pichhad,पिछड़,पिछड़
pichhar,पिछड़,पिछर
pichhada,पिछड़ा,पिछड़ा
pichhdaa,पिछड़ा,पिछ्ड़ा
pichhadi,पिछड़ी,पिछड़ी
pichhdi,पिछड़ी,पिछड़ी
pichhaddepan,पिछड़ेपन,पिछड़ेक्राम
pichhadepan,पिछड़ेपन,पिछड़ेपन
pichhdepann,पिछड़ेपन,पिथ्देपन
pichheti,पिछेती,पिछेती
peer,पियर,पीर
pier,पियर,पियर
piyar,पियर,पीयर
piere,पियरे,पायर
pierre,पियरे,पियरे
piyare,पियरे,पियारे
piro,पिरो,पिरो
pilaakar,पिलाकर,पिलाकर
pilakar,पिलाकर,पिलाकर
pet,पीईटी,पेट
pit,पीईटी,पित
pgi,पीजीआई,पीएजी
pds,पीडीएस,पीडीएस
peene,पीने,पीने
pine,पीने,पाइन
pipaaji,पीपाजी,पिपाजी
pipaji,पीपाजी,पिपाजी
pipipi,पीपीपी,पिपिपी
ppp,पीपीपी,पीपीपी
pucl,पीयूसीएल,पुक्ल
peace,पीस,पीएफ
peeskar,पीसकर,पीस्कर
piskar,पीसकर,पिस्कर
pcr,पीसीआर,पीसरी
putalon,पुतलों,पुतलों
putlon,पुतलों,पुतलों
pute,पुते,पूते
punar,पुनर,पुनर
punaraavlokan,पुनरावलोकन,पुनर्वोलकाण
punaravalokan,पुनरावलोकन,पुनर्वोलकन
punravalochan,पुनरावलोकन,पुनर्वोल्चन
pushkar,पुष्कर,पुश्कर
pushpiy,पुष्पीय,पुष्पीय
pushpiya,पुष्पीय,पुष्पीय
poochhanaa,पूछना,पूछना
poochhnaa,पूछना,पूछना
puchna,पूछना,पूछना
poojyaneey,पूज्यनीय,पूजनायी
poojyaneeya,पूज्यनीय,पूजनीय
pujyaniy,पूज्यनीय,पूज्यानीय
poorana,पूराना,पूराना
puraanaa,पूराना,पुराणा
purana,पूराना,पुराणा
pus,पूस,पस
puss,पूस,पस
peticot,पेटीकोट,पैटिकॉट
petikot,पेटीकोट,पेटीकोट
petticoat,पेटीकोट,पेटिटिकॉट
petroleum,पेट्रोलियम,पैट्रोलियम
penalty,पेनल्टी,पैनल्टी
peninsula,पेनिनसुला,पेनींसुला
paperwait,पेपरवेट,पापरवेड
paperweight,पेपरवेट,पैपेरवेड
peptide,पेप्टाइड,पेप्टीड
payroll,पेरोल,पैरोल
peyroll,पेरोल,पेयरोल
panth,पैंठ,पंथ
penth,पैंठ,पेंथ
packaging,पैकेजिंग,पैकागिंग
paidaish,पैदाईश,पैदाइश
pairodi,पैरोडी,पैरोडी
parody,पैरोडी,परोदी
perodi,पैरोडी,परोदी
paishachi,पैशाची,पैशाची
polish,पॉलिश,पोलिश
pavel,पॉवेल,पेवल
powell,पॉवेल,पोवेल
pongal,पोंगल,पोंगल
potash,पोटाश,पोटश
pork,पोर्क,पोर्क
posalia,पोसालिया,पोसेलिया
posaliya,पोसालिया,पोसेलिया
posted,पोस्टेड,पोस्टेड
poha,पोहा,पोहा
paun,पौन,पौन
pauna,पौना,पौना
prakriyaon,प्रक्रियाओं,प्रक्रियाओं
prakshalan,प्रक्षालन,प्रक्षलन
prakshepit,प्रक्षेपित,प्रक्षेपित
prakhand,प्रखंड,प्रखंड
pragatisheel,प्रगतिशील,प्रगतिशील
pragatishil,प्रगतिशील,प्रगतिशील
pratadna,प्रताड़ना,प्रतादना
pratapgarh,प्रतापगढ़,प्रत्पागढ़
prati,प्रति,प्रती
prti,प्रति,पीर्टी
pratikraman,प्रतिक्रमण,प्रतिक्रमण
pratikramana,प्रतिक्रमण,प्रतिक्रमण
pratikriyasheel,प्रतिक्रियाशील,प्रतिक्रिषियल
pratikriyashil,प्रतिक्रियाशील,प्रतिक्रिषियल
prtikriyashil,प्रतिक्रियाशील,प्रतिक्रिशियल
pratigyaon,प्रतिज्ञाओं,प्रतिग्याओं
prtigyaon,प्रतिज्ञाओं,प्रतिग्याओं
pratinidhatva,प्रतिनिधत्व,प्रतिनिधत्व
pratinidhitva,प्रतिनिधित्व,प्रतिनिधित्त
prtinidhtv,प्रतिनिधत्व,प्रतिनिद्ध
pratinidhigan,प्रतिनिधिगण,प्रतिनिधिदान
pratinidhigana,प्रतिनिधिगण,प्रतिनिधिदाणा
prtinidhigan,प्रतिनिधिगण,प्रतिनिदिधान
prtinidhitv,प्रतिनिधित्व,प्रतिनिधित्व
prativadiyon,प्रतिवादियों,प्रतिवादियों
pratishodh,प्रतिशोध,प्रतिषोध
pratishthanon,प्रतिष्ठानों,प्रतिष्ठाओं
pratispardha,प्रतिस्पर्द्धा,प्रतिस्पर्ध
pratispardhaein,प्रतिस्पर्धाएं,प्रतिस्परेधानियों
pratispardhayein,प्रतिस्पर्धाएं,प्रतिस्पर्धाएं
pratispardhayen,प्रतिस्पर्धाएं,प्रतिस्पर्धाएं
pratyangira,प्रत्यंगिरा,प्रत्यांगिर
prabhaavanaa,प्रभावना,प्रभावना
prabhavana,प्रभावना,प्रभावना
prabhaavshil,प्रभावशील,प्रभावशील
prabhavshil,प्रभावशील,प्रभावशील
prabhaas,प्रभास,प्रभास
prabhas,प्रभास,प्रभास
pramod,प्रमोद,प्रमोद
pravritt,प्रवृत्त,प्रवृत्त
pravrut,प्रवृत्त,प्रवृत
pravrutt,प्रवृत्त,प्रवृत्त
prashaasan,प्रशासन,प्रशासन
prashasan,प्रशासन,प्रशासन
prashikshuon,प्रशिक्षुओं,प्रशिक्षाओं
prasanskrat,प्रसंस्कृत,प्रसंस्त्रत
prasanskrit,प्रसंस्कृत,प्रसंस्तृत
prasanskrut,प्रसंस्कृत,प्रसंस्कृत
prastaav,प्रस्ताव,प्रस्ताव
prastav,प्रस्ताव,प्रस्ताव
prastaavit,प्रस्तावित,प्रस्तावित
prastavit,प्रस्तावित,प्रस्तावित
prastuti,प्रस्तुति,प्रस्तुति
pra,प्रा,प्रा
praa,प्रा,प्रा
primary,प्राइमरी,प्रिमार्य
praachinatam,प्राचीनतम,प्राचीनतम
pracheenatam,प्राचीनतम,प्राचीनतम
prachintam,प्राचीनतम,प्राचीनतम
praniyon,प्राणियों,प्राणियों
pradhyapak,प्राध्यापक,प्रध्यप्क
praptakarta,प्राप्तकर्ता,प्रपत्कारता
praptkarta,प्राप्तकर्ता,प्रपत्कर्ता
praptiyon,प्राप्तियों,प्रप्तियों
praroopon,प्रारूपों,प्रारूपों
prarupon,प्रारूपों,प्रारूपों
pravidhik,प्राविधिक,प्राविधिक
prince,प्रिंस,प्रिंस
princeli,प्रिंसली,प्रिंसली
princely,प्रिंसली,प्रिंसली
princle,प्रिंसली,प्रिंकल
preist,प्रीस्ट,प्रेस्ट
priest,प्रीस्ट,प्रियस्त
prist,प्रीस्ट,प्रिस्त
prekshak,प्रेक्षक,प्रेक्षक
premji,प्रेमजी,प्रेमजी
premanand,प्रेमानंद,प्रेमणंद
process,प्रॉसेस,प्रोसेस
pro,प्रो,प्रो
progressive,प्रोग्रेसिव,प्रोग्रोसिव
project,प्रोजैक्ट,प्रोटेक्ट
protocol,प्रोटोकोल,प्रोटोकॉल
produce,प्रोड्यूस,प्रोडक
producer,प्रोड्यूसर,प्रोडकाइसर
property,प्रोपर्टी,प्रोपरेटी
profesion,प्रोफेशन,प्रोफेशन
profession,प्रोफेशन,प्रोफेशन
promot,प्रोमोट,प्रोमोत
promote,प्रोमोट,प्रोमोट
promotional,प्रोमोशनल,प्रोमोटिनल
prospects,प्रोस्पेक्टस,प्रोस्ट्पिक्स
prospectus,प्रोस्पेक्टस,प्रोस्टेक्स
plug,प्लग,प्लज
plak,प्लाक,प्लैक
platinum,प्लेटिनम,प्लेटिनम
planon,प्लेनों,प्लेनों
plenon,प्लेनों,प्लेनों
plot,प्लॉट,प्लॉट
function,फंक्शन,फंक्शन
fundon,फंडों,फंडों
funds,फंड्स,फंड्स
fantasi,फंतासी,फंतसी
fantasy,फंतासी,फैंटसी
fakharpur,फखरपुर,फाखरपुर
fatafat,फटाफट,फटफाट
fate,फटे,फेट
phate,फटे,फटे
phte,फटे,फीएट
farar,फरार,फरार
pharar,फरार,फरर
farishey,फरिश्ते,फरिशे
farishte,फरिश्ते,फरिश्ट
farishtey,फरिश्ते,फरिस्ठे
faldayak,फलदायक,फलडायक
phaldayak,फलदायक,फलडायक
farming,फार्मिंग,फर्मिंग
faalna,फालना,फालना
falna,फालना,फलना
fascist,फासिस्ट,फैसिस्ट
fasist,फासिस्ट,फासिस्ट
fastfood,फास्टफूड,फॉस्फूड
fingers,फिंगर्स,फिंगर्स
fija,फिजा,फिज़ा
fiza,फिजा,फिज़ा
fizaa,फिजा,फिजा
fifteen,फिफ्टीन,फाइटीन
firki,फिरकी,फर्कि
filmana,फिल्माना,फिल्माना
fisal,फिसल,फिसल
fisle,फिसले,फिसले
fisley,फिसले,फिसले
feeka,फीका,फीका
fika,फीका,फीका
fikaa,फीका,फिका
feed,फीड,फीड
fu,फु,फू
phoo,फु,फू
footbal,फुटबल,फुटबल
football,फुटबल,फुटबॉल
futbal,फुटबल,फुटबल
furtili,फुर्तीली,फर्टिली
fenkane,फेंकने,फेंकने
fenkne,फेंकने,फेंकने
phenkane,फेंकने,फेंकने
fentan,फेंटम,फेंटन
phantom,फेंटम,फैंटम
fefade,फेफड़े,फेफड़े
fefden,फेफड़े,फेफन
fame,फेम,फेम
fem,फेम,फेम
fallopian,फेलोपिन,फैलोपियन
fallopine,फेलोपिन,फैलोपिन
felopin,फेलोपिन,फेलोपिन
falton,फेल्टन,फाल्टन
feltan,फेल्टन,फेल्टन
felton,फेल्टन,फेल्टन
faij,फैज,फैज
faiz,फैज,फैज
faiji,फैजी,फैजी
faizi,फैजी,फैजी
fabric,फैब्रिक,फॉबरिक
fairi,फैरी,फैरी
fairy,फैरी,फैरी
pheri,फैरी,फेरी
fail,फैल,फेल
failata,फैलता,फैलता
failataa,फैलता,फैलता
failta,फैलता,फैलता
failaayen,फैलाएं,फैलाएं
failaen,फैलाएं,फैलाएं
failayen,फैलाएं,फैलाएं
failaakar,फैलाकर,फैलाकर
failakar,फैलाकर,फैलाकर
fashionable,फैशनबल,फैशनेबल
file,फॉइल,फाइल
foil,फॉइल,फोइल
fault,फॉल्ट,फोल्ट
flat,फॉल्ट,फ्लैट
fog,फोग,फोग
fobiya,फोबिया,फोबिया
phobia,फोबिया,फोबिया
fuse,फ्यूज,फूसे
funeral,फ्यूनरल,फुनरल
franchise,फ्रैंचाइज,फ्रेंचाइजी
flint,फ्लिंट,फ्लिंट
flintoff,फ्लिंटॉफ,फ्लिटफ
flax,फ्लेक्स,फ्लैक्स
flex,फ्लेक्स,फ्लेक्स
flower,फ्लॉवर,फ्लॉयर
bangla,बांग्ला,बंगला
banji,बंजी,बंजी
bungee,बंजी,बूंगी
bandal,बंडल,बंदाल
bundle,बंडल,बुंडले
bandhu,बंधु,बंधु
bambe,बंबे,बांबे
bombay,बंबे,बॉम्बे
bakra,बक्र,बकरा
baks,बक्स,बैक्स
baksa,बक्स,बकसा
baksar,बक्सर,बकसर
buxar,बक्सर,बुक्सर
bakson,बक्सों,बक्सों
bakharband,बख्तरबंद,बाखारबंद
bakhtarband,बख्तरबंद,बक्तरबंद
bagair,बग़ैर,बगैर
bager,बग़ैर,बैगर
bagaawati,बगावती,बगावटी
bagavati,बगावती,बगावती
bageecha,बगीचा,बगीचा
bagicha,बगीचा,बगीचा
bachata,बचता,बचाता
bachta,बचता,बच्ता
bachtaa,बचता,बच्ता
bachate,बचते,बचाते
bachte,बचते,बचते
bachaayen,बचाएं,बचाएं
bachaen,बचाएं,बचाएं
bachayen,बचाएं,बचाएं
bachayn,बचाएं,बचायन
bachaye,बचाये,बचाए
bacchan,बच्चन,बच्चन
bachchan,बच्चन,बच्चन
bacchon,बच्चों,बच्छों
bachchon,बच्चों,बच्छों
bachhon,बच्चों,बच्छों
bajrang,बजरंग,बजरंग
bajaai,बजाई,बजाई
bajai,बजाई,बजाई
bajaanaa,बजाना,बजाना
bajana,बजाना,बजाना
baggika,बज्जिका,बगगीका
bajjika,बज्जिका,बजजिका
badha,बढ़ा,बधा
badhaayen,बढ़ाएं,बाधाएं
badhaen,बढ़ाएं,बाधाएं
badhayen,बढ़ाएं,बाधाएं
badhaani,बढ़ानी,बढ़ानी
badhani,बढ़ानी,बढ़ानी
baataungaa,बताऊंगा,बाटाउगा
bataunga,बताऊंगा,बटौंगा
bataaegi,बताएगी,बताएगी
bataayegi,बताएगी,बताएगी
bataegi,बताएगी,बताएगी
batayegi,बताएगी,बताएगी
bataashaa,बताशा,बताशा
batasha,बताशा,बताशा
badkismat,बदकिस्मत,बादकिसमत
badami,बदामी,बदमी
badh,बध,बाध
badhaaiya,बधाईयां,बढ़ाए
badhaaiyaan,बधाईयां,बढ़ाएं
badhaeiyan,बधाईयां,बढ़ाएं
badhaiya,बधाईयां,बढ़ाए
badhiya,बधिया,बढ़िया
badhiyaa,बधिया,बढ़िया
banakata,बनकटा,बनाकता
bankata,बनकटा,बंकता
banvaaye,बनवाए,बनवाये
banvae,बनवाए,बनवाए
banvaye,बनवाए,बनवाये
banaabat,बनाबट,बनाबत
banabat,बनाबट,बनाबत
bnabat,बनाबट,बनाबत
baniae,बनिए,बनियाई
banie,बनिए,बनिए
baniye,बनिए,बनिये
baniyan,बनियान,बैनियां
bani,बनी,बानी
bano,बनो,बानो
babita,बबिता,बबीता
babeena,बबीना,बबीना
babina,बबीना,बबीना
barghat,बरघाट,बर्घाट
barsate,बरसाते,बरसते
barsatein,बरसाते,बरसातें
barsana,बरसाना,बरसाना
baramadon,बरामदों,बारामड़ों
baramdon,बरामदों,बरांडों
bari,बरी,बारी
baretha,बरेठा,बारेथा
bretha,बरेठा,ब्रेथा
bareilly,बरेली,बेयरली
bareli,बरेली,बेरेली
barkali,बर्कली,बर्कली
barklee,बर्कली,बर्कली
barre,बर्रे,बैरे
burre,बर्रे,बर्रे
balheen,बलहीन,बल्हीं
balhin,बलहीन,बल्हीं
balaat,बलात,बलात
balat,बलात,बलत
bali,बली,बाली
balauda,बलौदा,बलौड़ा
balki,बल्की,बल्की
bulki,बल्की,बुल्की
bavandar,बवंडर,बवानदार
bavander,बवंडर,बवनदर
bawandar,बवंडर,बवानदार
basai,बसई,बसाई
basaav,बसाव,बासाव
basav,बसाव,बासव
baseda,बसेड़ा,बसेदा
bastar,बस्तर,बस्तर
baster,बस्तर,बस्टर
basta,बस्ता,बसता
bastiya,बस्तियां,बस्तिया
bastiyan,बस्तियां,बस्तियां
baste,बस्ते,बस्ते
bahroad,बहरोड़,बहराद
bahrod,बहरोड़,बहरोद
bahate,बहाते,बहते
bahadurpur,बहादुरपुर,बहदरपुर
bahirana,बहिराणा,बहीरणा
bahuvachan,बहुवचन,बहुतुखान
bantate,बांटते,बंटते
binder,बाइंडर,बिनदर
baik,बाईक,बैक
bike,बाईक,बाइक
bagara,बागरा,बागरा
bagaraa,बागरा,बागरा
bagra,बागरा,बागरा
baaga,बागा,बागा
baga,बागा,बागा
baaghi,बागी,बाघी
bagi,बागी,बागी
baagon,बागों,बागों
bagon,बागों,बागों
badhin,बाघिन,बढ़ीं
baghin,बाघिन,बागीन
batala,बाटला,बतला
batla,बाटला,बतला
babari,बाबरी,बाबरी
babri,बाबरी,बाबरी
biotech,बायोटेक,बायोटेक
barahon,बारहों,बाराहों
barhon,बारहों,बारहों
bariya,बारिया,बारिया
balaein,बालाएं,बलाएं
balaen,बालाएं,बलाएं
balayan,बालाएं,बलायन
balaon,बालाओं,बालाओं
baalaachandar,बालाचंदर,बालचंद्र
balachandar,बालाचंदर,बालचंद्र
balasahab,बालासाहब,बलसाहब
balasaheb,बालासाहब,बलसाहेग
baltic,बाल्टिक,बाल्टिक
baltik,बाल्टिक,बाल्तिक
baalyakaal,बाल्यकाल,बाल्यकाल
balyakal,बाल्यकाल,बाल्यकाल
balykal,बाल्यकाल,बाल्यकाल
bikharane,बिखरने,बिखरने
bikharne,बिखरने,बिखरने
bikhrane,बिखरने,बिखरने
bitta,बिट्टा,बिट्ता
bitaate,बिताते,बिताते
bitate,बिताते,बीतते
bitaayaa,बिताया,बिताया
bitaya,बिताया,बिताया
birjiya,बिरजिया,बिरजिया
birsa,बिरसा,बीरसा
birsinghpur,बिरसिंहपुर,बर्सिंहपुर
bilkul,बिल्कुल,बिलकुल
bisht,बिष्ट,बिश्ट
bisauli,बिसौली,बिसौली
being,बीइंग,बैंग
bsl,बीएसएल,बीएसएल
beacon,बीकन,बीनकन
beeken,बीकन,बीकेन
bikan,बीकन,बिकन
bds,बीडीएस,बीडीएस
bdsm,बीडीएसएम,बीएसपीएम
bimit,बीमित,बिमिट
bujhati,बुझती,बुझाती
buzati,बुझती,बुजाती
butati,बुटाटी,बूतती
budhana,बुढ़ाना,बुढ़ना
buddhi,बुद्धि,बुद्धि
bulldozer,बुलडोजर,बुल्जेबर
buldhana,बुलढाना,बुलधाना
bulakar,बुलाकर,बुलाकर
buliyan,बुलियन,बुलियां
buliyn,बुलियन,बुलियन
bullion,बुलियन,बुलियन
bulls,बुल्स,बल्स
buls,बुल्स,बस
beimaani,बेइमानी,बीमानी
beimani,बेइमानी,बीमानी
baig,बेग,बैग
beg,बेग,बेग
betool,बेतूल,बेटूल
betul,बेतूल,बेतुल
babe,बेब,बाबे
bemisaal,बेमिसाल,बेमिसाल
bemisal,बेमिसाल,बेमिसाल
belt,बेल्ट,बेल्ट
belton,बेल्टों,बेल्टन
belts,बेल्ट्स,बेल्ट्स
besara,बेसरा,बेसरा
besraa,बेसरा,बेसरा
basinon,बेसिनों,बासिनों
besinon,बेसिनों,बेसीनों
basis,बेसिस,बेसिस
besis,बेसिस,बेसिस
besure,बेसुरे,बेसूर
banch,बैंच,बंच
bench,बैंच,बेंच
baikunth,बैकुंठ,बैकूंठ
baichen,बैचेन,बैछें
bechain,बैचेन,बेचैन
bechen,बैचेन,बेचेन
batman,बैटमैन,बतमान
baitha,बैठा,बैठा
baithaa,बैठा,बैठा
bain,बैन,बैन
ban,बैन,बान
bainet,बैनेट,बैनेट
bennett,बैनेट,बेनेट्ट
bail,बैल,बेल
bell,बैल,बेल
bailey,बैली,बेले
belly,बैली,बेली
bailon,बैलों,बेलों
bahr,बैहर,बाहर
baihar,बैहर,बेहर
boxeron,बॉक्सरों,बॉक्सरों
batham,बॉथम,बाथम
bathem,बॉथम,बैथर
botham,बॉथम,बोतम
boil,बॉयल,बोई
boyal,बॉयल,बोयल
boyle,बॉयल,बोले
boiler,बॉयलर,बॉलर
boyler,बॉयलर,बॉयरल
bodein,बोडेन,बोड़ें
boden,बोडेन,बोड़ें
botheil,बोथेल,बोथेल
bothel,बोथेल,बोथेल
bodhgaya,बोधगया,बोधगाया
bodhgya,बोधगया,बोधग्य
bofors,बोफोर्स,बॉफर्स
boro,बोरो,बोरो
boron,बोरोन,बोरों
bordo,बोर्दो,बोर्डो
borno,बोर्नो,बोरनो
bola,बोला,बोला
bolero,बोलेरो,बोलेरो
bowlero,बोलेरो,बोलरे
bostan,बोस्टन,बोस्टन
boston,बोस्टन,बोस्टन
brahamini,ब्रह्माणी,ब्राह्मणि
brahmani,ब्रह्माणी,ब्रह्मणी
bridesmaid,ब्राइड्समेड,ब्रिदेसमैड
bridesmaids,ब्राइड्समेड,ब्रिडेसमैड्स
brai,ब्राई,ब्रै
brie,ब्राई,ब्री
bradley,ब्रैडली,ब्रेडले
bradli,ब्रैडली,ब्रेडली
bro,ब्रो,ब्रो
broking,ब्रोकिंग,ब्रेकिंग
bromavich,ब्रोमविच,ब्रौमाविच
bromvich,ब्रोमविच,ब्रोमविच
bromwitch,ब्रोमविच,ब्रॉमविच
bluetooth,ब्ल्यूटूथ,ब्लुटूथ
bloggaron,ब्लॉगरों,ब्लॉगरों
bloggeron,ब्लॉगरों,ब्लॉगरों
bhante,भंते,भांते
bhagavad,भगवद,भागवाद
bhagvad,भगवद,भगवाद
bhanak,भनक,भानक
bhayatur,भयातुर,भयातुर
bhayaanak,भयानक,भयानक
bhayanak,भयानक,भयनाक
bharat,भरत,भारात
bharata,भरता,भारता
bharataa,भरता,भारता
bharta,भरता,भारता
bharati,भरती,भारती
bharti,भरती,भारती
bharsak,भरसक,भरसक
bharai,भराई,भराई
bhavae,भवाई,भवाई
bhavai,भवाई,भवाई
bhavishyavaaniyaan,भविष्यवाणियां,भविष्यवानियां
bhavishyavaniyan,भविष्यवाणियां,भविष्यवानियां
bhavishyavaaniyon,भविष्यवाणियों,भविष्यवायियों
bhavishyavaniyon,भविष्यवाणियों,भविष्यवायियों
bhasin,भसीन,भसीन
bhau,भाऊ,भाऊ
bhakri,भाकरी,भकरी
bhaagate,भागते,भागते
bhagate,भागते,भगते
bhagirathi,भागीरथी,भगीरथी
bhaagya,भाग्य,भाग्य
bhagy,भाग्य,भाग्य
bhagya,भाग्य,भाग्य
bhabhi,भाभी,भाभी
bhaar,भार,भार
bhar,भार,भर
bhale,भाले,भले
bhalekar,भालेकर,भलेकर
bhavnaein,भावनाएं,भावनाऐं
bhavnaen,भावनाएं,भावनाऐं
bhavnayn,भावनाएं,भवनाय
bhaskaran,भास्करन,भास्करण
bhaskran,भास्करन,भास्करण
bhilala,भिलाला,भिलाला
bheetar,भीतर,भीतर
bhitar,भीतर,भितार
bheetari,भीतरी,भीतरी
bhitari,भीतरी,भितरी
bhitri,भीतरी,भितृ
bheer,भीर,भीर
bhir,भीर,भीर
bhugatata,भुगतता,भूगताता
bhugatta,भुगतता,भूगत्ता
bhugtata,भुगतता,भुगताता
bhugatana,भुगतना,भूगतना
bhugtna,भुगतना,भूगता
bhgti,भुगती,भगती
bhugati,भुगती,भुगती
bhugti,भुगती,भूगती
bhuj,भुज,भूज
bhulaakar,भुलाकर,भुलाकर
bhulakar,भुलाकर,भूलकर
bhookhaa,भूखा,भूखा
bhukha,भूखा,भूखा
bhukhaa,भूखा,भुखा
bhookhe,भूखे,भूखे
bhukhe,भूखे,भूखे
bhookhon,भूखों,भूखों
bhukhon,भूखों,भूखों
bhoochaal,भूचाल,भूचाल
bhuchal,भूचाल,भूचल
bhootha,भूतहा,भूता
bhutaha,भूतहा,भूताहा
bhuri,भूरी,भूरी
bhool,भूल,भूल
bhul,भूल,भुल
bhulate,भूलते,भुलते
bhulte,भूलते,भुलते
bhulane,भूलने,भुलने
bhulne,भूलने,भुलने
bhoosanptti,भूसंपत्ति,भूसंपत्ति
bhusampatti,भूसंपत्ति,भूसमपत्ति
bheje,भेजे,भेजे
bhejegi,भेजेगी,भेजेगी
bhejogi,भेजेगी,भेजोगी
bhaiyadooj,भैयादूज,भैयड़ूज
bhotiya,भोटिया,भोटिया
bhaunra,भौंरा,भौना
bhraantiya,भ्रांतिया,भ्रंतीय
bhrantiya,भ्रांतिया,भ्रंतीय
mangvana,मंगवाना,मंगवाना
mangwana,मंगवाना,मंगवाना
mangoliyan,मंगोलियन,मंगोलियां
mongolian,मंगोलियन,मोंगोलियन
manchan,मंचन,मांचन
manjili,मंजिली,मंजीली
majilein,मंजिले,माजिलें
manjile,मंजिले,मंजीले
manzile,मंजिले,मंजीले
manjilon,मंजिलों,मंजीलों
manzilon,मंजिलों,मंजीलों
manjeere,मंजीरे,मंजीरे
manjeerey,मंजीरे,मंजीरे
manjire,मंजीरे,मंजीर
manjul,मंजुल,मंजूल
mantra,मंत्र,मंत्र
mantrigan,मंत्रीगण,मंत्रीगन
mantron,मंत्रों,मंत्रों
mantrocchar,मंत्रोच्चार,मंत्रोचर
mantrochchar,मंत्रोच्चार,मंत्रोचिचार
manth,मंथ,मंथ
month,मंथ,मोंथ
mahanga,मंहगा,महंगा
manhaga,मंहगा,मानहागा
mehnga,मंहगा,महंगा
makbul,मकबूल,मकबुल
maqbool,मकबूल,मकबूल
makode,मकोड़े,मैकोड
makkari,मक्कारी,मक्कारी
machhua,मछुआ,मछुआ
machhuaaraa,मछुआरा,मछुआताओं
machhuara,मछुआरा,मछुआरा
majumdar,मजूमदार,मजुमदार
mazumdaar,मजूमदार,मजुमदार
majedaar,मजेदार,मजेदार
majedar,मजेदार,माजेदार
mazedaar,मजेदार,मजेदार
madiyahun,मडियाहूं,मादियोहीन
mariahu,मडियाहूं,मरीयू
mariahun,मडियाहूं,मरीहुओं
madhi,मढ़ी,मढ़ी
madi,मढ़ी,माड़ी
matdata,मतदाता,मतदाता
matsy,मत्स्य,मत्सी
matsya,मत्स्य,मत्स्य
mathai,मथाई,मठाई
madad,मदद,मादद
madarason,मदरसों,मदरसों
madarson,मदरसों,मादरसों
madrason,मदरसों,मदरसों
madde,मद्दे,मड़े
midday,मद्दे,मिड्डे
madhurika,मधुरिका,मधुरिका
madhuresh,मधुरेश,मधुरेश
madhuban,मधुवन,मधुबान
madhuvan,मधुवन,मधुवन
madhesh,मधेश,मधेश
manmaana,मनमाना,मनमाना
manmana,मनमाना,मनमाना
manhoos,मनहूस,मंहूस
manhus,मनहूस,मंहुस
manaya,मनाया,मानय
manoj,मनोज,मनोज
manonayan,मनोनयन,मनोनयन
manonyan,मनोनयन,मनोन्यन
mamata,ममता,मामता
mamta,ममता,मामता
maran,मरण,मारण
maryam,मरयम,मार्यम
marathaon,मराठाओं,मारताओं
mard,मर्द,मरद
malyali,मलयाली,मलयाली
mashad,मशद,मशद
masakaja,मसाकाजा,मसाकता
masaj,मसाज,मसाज
massage,मसाज,मैसाज
masalon,मसालों,मसलों
masudanpur,मसुदनपुर,मसुबंपुर
masuri,मसूरी,मसूरी
mussoorie,मसूरी,मस्यूरी
mahal,महल,महाल
mahakashyap,महाकाश्यप,महाकाश्यप
mahakasyap,महाकाश्यप,महाक्षायप
mahakaushal,महाकौशल,महाकोशल
mahakoshal,महाकौशल,महाकोशल
mahaganpati,महागणपति,महागपंती
mhaganpati,महागणपति,महागमतासी
mahadeshiy,महादेशीय,महादेशीय
mhadeshiy,महादेशीय,महादेशीय
mahabharat,महाभारत,महाभरत
mhabharat,महाभारत,महाभारत
maharajaon,महाराजाओं,महराजाओं
maharana,महाराणा,महाराना
mahavidhyaon,महाविद्याओं,महाविधायों
mahavidyaon,महाविद्याओं,महाविद्याओं
mahashay,महाशय,महाशय
mahashaye,महाशय,महाशय
mahashamshan,महाश्मशान,महाषामक्षण
mahashmashaan,महाश्मशान,महाष्मशान
mahashmshan,महाश्मशान,महाष्मशान
mahasagar,महासगर,महासागर
mahasgar,महासगर,महास्गर
mahasamadhi,महासमाधि,महासमथि
mahina,महीना,महिना
mahesh,महेश,महेश
maangta,मांगता,मांगता
mangata,मांगता,मंगता
mangta,मांगता,मंगता
maange,मांगें,मांगें
mangein,मांगें,मांगें
mangen,मांगें,मांगें
maangon,मांगों,मांगों
mangon,मांगों,मंगों
mouth,माउथ,माऊठ
madal,माडल,मैडल
model,माडल,मॉडल
maandaley,माण्डले,मांडले
mandale,माण्डले,मंडले
mandel,माण्डले,मंडेल
maatang,मातंग,माटंग
matang,मातंग,मातंग
manasik,मानसिक,मानसिक
mansik,मानसिक,मानसिक
mansikata,मानसिकता,मानसिकता
mansikta,मानसिकता,मानसिकता
maanegaa,मानेगा,मानेगा
manega,मानेगा,मानेगा
maapata,मापता,मापता
mapata,मापता,मापता
mapta,मापता,मापता
maape,मापे,मापे
mape,मापे,मेप
maaf,माफ,माफ़
maf,माफ,मैफ
maarte,मारते,मारते
maartey,मारते,मारते
marte,मारते,मारते
maalikana,मालिकाना,मालिकना
malikana,मालिकाना,मालीकना
maasi,मासी,मासी
masi,मासी,मसी
masoom,मासूम,मसूम
masum,मासूम,मसूम
masoomon,मासूमों,मसूमों
masumon,मासूमों,मसूमों
mahul,माहुल,महुल
mahaul,माहौल,महुल
mauritious,माॅरिशस,मॉरीशस
moreshes,माॅरिशस,मोरेशेस
moresis,माॅरिशस,मोरेसिस
michalaane,मिचलाने,मिचलाने
michlaaney,मिचलाने,मिचलाने
michlane,मिचलाने,मिचलाने
mitaanaa,मिटाना,मिटाना
mitana,मिटाना,मिटाना
mithaaiyon,मिठाईयों,मिथाइयों
mithaiyon,मिठाईयों,मिथाइयों
mithilesh,मिथिलेश,मिथिलेश
mimi,मिमी,मिमी
miljulakar,मिलजुलकर,मिलुकलुरकर
miljulkar,मिलजुलकर,मिलुलकुर
milind,मिलिंद,मिलिंड
milibhagat,मिलीभगत,मिलीभागत
misaalein,मिसालें,मिसालें
misale,मिसालें,मिसाले
misalein,मिसालें,मिसालें
me,मी,मे
mee,मी,मी
meeji,मीजी,मीजी
miji,मीजी,मिजी
meat,मीट,मिट
meet,मीट,मिट
medium,मीडियम,मैडियम
meeta,मीता,मीता
mita,मीता,मिटा
mungeir,मुंगेर,मुंगेर
munger,मुंगेर,मुंगर
munshi,मुंशी,मुंशी
moonh,मुंह,मून्ह
muh,मुंह,मुह
munh,मुंह,मुन्ह
mukesh,मुकेश,मुकेश
mukhaute,मुखौटे,मुखौते
mukhautey,मुखौटे,मुखौते
mukhtaar,मुख्तार,मुख्तार
mukhtar,मुख्तार,मुख्तर
mukhyetaar,मुख्तार,मुख्येतार
mukhya,मुख्य,मुख्य
mukhye,मुख्य,मुख्ये
mukhyamantritva,मुख्यमंत्रित्व,मुख्यमत्रिद्त
mukhyamantriyon,मुख्यमंत्रियों,मुख्यमत्रियों
mugabe,मुगाबे,मुगबे
mugabey,मुगाबे,मुगबे
muchalka,मुचलका,मुचल्का
muchlaka,मुचलका,मुचलाका
muchlka,मुचलका,मुचल्का
mutthi,मुट्ठी,मूत्थी
mudane,मुड़ने,मुदाने
mudne,मुड़ने,मुदने
mudit,मुदित,मुदित
mudraein,मुद्राएं,मुद्राएं
mudraen,मुद्राएं,मुद्राएं
munafe,मुनाफे,मुनाफे
munafey,मुनाफे,मुनाफे
munaphe,मुनाफे,मुनाफे
munirka,मुनिरका,मुनिरका
mursi,मुर्सी,मूर्सी
mosammi,मुसम्मी,मोसम्मी
musammi,मुसम्मी,मुसम्मी
musolini,मुसोलिनी,मुसोलिनी
mussolini,मुसोलिनी,मस्सुलीनी
moo,मू,मू
mu,मू,मू
moods,मूड्स,मूद्स
mool,मूलं,मूल
mooln,मूलं,मूलन
mulam,मूलं,मुलम
moolbhoot,मूलभूत,मूलभूत
mulbhoot,मूलभूत,मुलभूत
mulbhut,मूलभूत,मुलझूत
moolmantra,मूलमंत्र,मूलमंत्र
mulmantr,मूलमंत्र,मुलमंत्र
mulmantra,मूलमंत्र,मुलमंत्र
moolvasiyon,मूलवासियों,मूलवासियों
mulwasiyon,मूलवासियों,मुलसावियों
mulyvasiyon,मूलवासियों,मुल्यवसीयों
mooli,मूली,मूली
muli,मूली,मूली
mentha,मेंथा,मेंठा
mens,मेंस,मेंस
megan,मेगान,मेगन
mejbaanon,मेजबानों,मेजबानों
mejbanon,मेजबानों,मेजबानों
mezbanon,मेजबानों,मेजबानों
menaka,मेनका,मेनका
menka,मेनका,मेंका
mera,मेरा,मेरा
meraa,मेरा,मेरा
meltan,मेल्टन,मेल्टन
melton,मेल्टन,मेलटन
mevaadi,मेवाड़ी,मेवाड़ी
mewadi,मेवाड़ी,मेवादी
mehmood,मेहमूद,मेहमूद
mehmud,मेहमूद,मेहमूद
mantle,मैंटल,मांटल
mental,मैंटल,मेंटल
mandarin,मैंडरिन,मंडरीन
maine,मैंने,मैने
magazine,मैगजिन,मैगाजीन
magzine,मैगजिन,मैगजिन
magnus,मैग्नस,मैग्नस
maglev,मैगलेव,मैगलेव
magras,मैग्नस,मैग्रेस
matric,मैट्रिक,मेट्रिक
mads,मैड्स,मैड्स
maitra,मैत्रा,मैत्रा
matra,मैत्रा,मात्रा
mankind,मैनकाइंड,मानकिंड
maini,मैनी,मैनी
mainy,मैनी,मैनी
many,मैनी,मान्य
manu,मैन्यू,मानू
menu,मैन्यू,मेनू
maiya,मैया,माईय
maiyya,मैया,माईय
mailkam,मैलकम,मैल्कम
malcolm,मैलकम,मैलकॉम
maish,मैश,माइश
mash,मैश,माश
mesh,मैश,मेष
modular,मॉड्यूलर,मोड़लर
modakar,मोड़कर,मोड़कर
modkar,मोड़कर,मोड़कर
modate,मोड़ते,मोड़ते
modte,मोड़ते,मोड़ते
modane,मोड़ने,मोड़ने
modne,मोड़ने,मोड़ने
motipur,मोतीपुर,मोतीपुर
motiram,मोतीराम,मोतिराम
monal,मोनल,मोनल
monash,मोनाश,मोनाश
monitor,मोनिटर,मॉनिटर
mom,मोम,मोम
morakkan,मोरक्कन,मोराक्कन
morkkan,मोरक्कन,मोर्ककन
moroccan,मोरक्कन,मोरोक्कर
moravi,मोरवी,मोरावी
morvi,मोरवी,मोर्वी
morwi,मोरवी,मोर्वी
molar,मोलर,मोलर
moler,मोलर,मोलर
mola,मोला,मोला
moli,मोली,मोली
molding,मोल्डिंग,मोल्डिंग
mohak,मोहक,मोहॉक
maidrik,मौद्रिक,मैडरिक
maudrik,मौद्रिक,मौद्रिक
maureen,मौरीन,मौरीन
maurin,मौरीन,मौरीन
maurya,मौर्य,मौर्य
morya,मौर्य,मोर्या
maula,मौला,मौला
maulik,मौलिक,मौलिक
maulikata,मौलिकता,मौलिकता
maulikta,मौलिकता,मौलिकता
mhari,म्हारी,म्हारी
yateem,यतीम,यतीम
yatim,यतीम,यतिम
yadi,यदि,यादी
yashvardhan,यशवर्धन,यश्रवधान
yathavardhan,यशवर्धन,यथार्वधन
yashomati,यशोमति,यशोमति
yahi,यही,याही
yangon,यांगोन,यांगों
yatayat,यातायत,यातायत
yaar,यार,यार
yaaron,यारों,यारों
yugmon,युग्मों,युग्मों
yunus,युनूस,युनुस
yun,यूं,यून
uid,यूआईडी,यूड
usda,यूएसडीए,उसड़ा
utc,यूटीसी,यूटीसी
youth,यूथ,यूथ
united,यूनाईटेड,यूनिटेड
up,यूपी,उप
ulip,यूलिप,यूलीप
yulip,यूलिप,यूलिप
yale,येल,याले
yel,येल,येल
york,यॉर्क,यॉर्क
yogaphal,योगफल,योगाफल
yogfal,योगफल,योगफल
yohaan,योहान,योहान
yohan,योहान,योहन
rangrashiya,रंगरसिया,रंगराशिया
rangrasia,रंगरसिया,रंग्रसिया
rangrasiya,रंगरसिया,रंग्रसीय
rangaroop,रंगरूप,रंगरूप
rangarup,रंगरूप,रंगारूप
rangroop,रंगरूप,रंगरूप
rangrup,रंगरूप,रंग्रिप
rangarang,रंगारंग,रंगरंग
raeersi,रईसी,रायर्सी
raees,रईसी,राईस
raisi,रईसी,रैसी
raerson,रईसों,राइरसन
raeson,रईसों,रायसन
raison,रईसों,रैसों
rakhoge,रखोगे,रखोएग
rakhogey,रखोगे,रखोगे
raghukul,रघुकुल,रघुकूल
ranneetik,रणनीतिक,रणनीतिक
rannitik,रणनीतिक,रणनीतिक
runner,रनर,रनर
rane,रने,राने
runey,रने,रूने
rapat,रपट,रपट
rapton,रपटों,राप्तों
rafeek,रफीक,रफीक
rafiq,रफीक,राफिक
ramadan,रमदान,रामादान
ramdan,रमदान,रामदाण
rasana,रसना,रसना
rasanaa,रसना,रसना
rasna,रसना,रसना
rasam,रसम,रसम
rasaayan,रसायन,रसायन
rasayan,रसायन,रसायन
rasyan,रसायन,रस्यान
rasta,रस्ता,रास्ता
rahanumaee,रहनुमाई,रहनूमाई
rahnumai,रहनुमाई,रहनूमाई
rhanumai,रहनुमाई,रहनुमाई
riders,राइडर्स,रिडर्स
raima,राइमा,रैमा
round,राउंड,राउंड
rounds,राउंड्स,राउंड्स
router,राउटर,राउटर
rakesh,राकेश,रकेश
raakh,राख,राख
rakh,राख,रख
raakhiyaan,राखियां,राखियां
rakhiyan,राखियां,रखियां
rakhiyon,राखियों,रखियों
rakhi,राखी,रखी
raakhein,राखें,राखें
rakhen,राखें,रखें
raag,राग,राग
rag,राग,रग
raagi,रागी,रागी
ragi,रागी,रागी
raghav,राघव,रघाव
raghavanand,राघवानंद,राघवानंद
raghawanand,राघवानंद,राघवानंद
rajkaran,राजकरण,राजकरण
rajtantriya,राजतंत्रीय,राजतंत्रीय
rajdroh,राजद्रोह,राजदृह
rajdroha,राजद्रोह,राजदृह
raajnetik,राजनेतिक,राजनेतिक
rajnaitik,राजनेतिक,राजनैतिक
rajnetik,राजनेतिक,राजनेतिक
rajbaag,राजबाग,राजबाग
rajbag,राजबाग,राजबाग
rajbagh,राजबाग,राजबाग
rajbaug,राजबाग,राजबाग
rajendranagar,राजेंद्रनगर,राजेंद्रेबार
rajya,राज्य,राज्य
raajyon,राज्यों,राजयों
rajyon,राज्यों,राजयों
rathava,राठवा,राठवा
rathwa,राठवा,राथवा
raatribhoj,रात्रिभोज,रातृतोह
ratribhoj,रात्रिभोज,रत्रिभोज
rabiya,राबिया,रबिया
ramnaam,रामनाम,रामनाम
ramnam,रामनाम,रामनाम
ramsay,रामसे,रामसय
ramse,रामसे,रामसे
ramsey,रामसे,रामसे
ramayan,रामायण,रमयन
ramayana,रामायण,रामयन
rayat,रायट,रायत
writer,रायटर,राइटर
writter,रायटर,राइटर
raifal,रायफल,रायफल
rifle,रायफल,रिफल
rifles,रायफल्स,रिफल्स
rairangpur,रायरंगपुर,रैरंगपुर
rayrangpur,रायरंगपुर,रायनरगपुर
raashan,राशन,राशन
ration,राशन,राशन
rashning,राशनिंग,राश्निंग
rationing,राशनिंग,रेटियोनिंग
rashtrasant,राष्ट्रसंत,राष्ट्रसंत
tashtrasant,राष्ट्रसंत,ताष्ट्रसंत
rashtriyakrit,राष्ट्रीयकृत,राष्ट्रीयकृत
rashtriyekrat,राष्ट्रीयकृत,राष्ट्रीयकर्त
rashtriykrut,राष्ट्रीयकृत,राष्ट्रीकृत
reaction,रिएक्शन,रिएक्शन
recover,रिकवर,रिकोवर
recognition,रिकॉग्निशन,रिकोग्नेशन
recognization,रिकॉग्निशन,रिकोजिनेशन
recall,रिकॉल,रेकाल
rico,रिको,रिको
riko,रिको,रिको
rechards,रिचर्ड्स,रिचार्ड्स
richards,रिचर्ड्स,रिचार्ड्स
richhpal,रिछपाल,रिचपाल
retier,रिटायर,रेटियर
retire,रिटायर,रितारी
redael,रिडेल,रेडेल
redel,रिडेल,रेडेल
rin,रिन,रिन
reminder,रिमाइंडर,रिमिंदर
riyan,रियान,रियान
riyon,रियान,रियोन
relationship,रिलेशनशिप,रिलायेशिस्प
revenge,रिवेंज,रिजेंगे
rishton,रिश्तों,रिश्तों
risala,रिसाला,रिसाला
rehayashi,रिहायशी,रहयाशी
rihayashi,रिहायशी,रिहायाशी
rihayshi,रिहायशी,रिहायाशी
reeta,रीटा,रीता
rita,रीटा,रीता
read,रीड,रिड
reed,रीड,रीड
reading,रीडिंग,रीडिंग
redesign,रीडिजाइन,रेडिस्गिन
recycling,रीसाइकलिंग,रिस्क्यूलिंग
restart,रीस्टार्ट,रिस्टर्ट
ruki,रुकी,रूकी
ruko,रुको,रुको
rukavat,रूकावट,रूकावट
rukawat,रूकावट,रुकावट
roochi,रूची,रूचि
ruchi,रूची,रूचि
roote,रूटे,रूटे
rootey,रूटे,रूटे
rute,रूटे,रूते
roodhir,रूधिर,रूढ़ीर
rudhir,रूधिर,रूढ़ीर
roopaeye,रूपए,रुपये
rupae,रूपए,रुपाई
rupaye,रूपए,रुपये
roopkon,रूपकों,रूपकों
rupakon,रूपकों,रूपकों
rengkar,रेंगकर,रेंगकर
rengagti,रेंगती,रेंगटिती
rengati,रेंगती,रेंगटी
rengti,रेंगती,रेंगटी
registanon,रेगिस्तानों,रेजिस्तानों
razer,रेजर,राजेर
razor,रेजर,राज़ोर
rezer,रेजर,रेजर
raging,रेजिंग,रेजिंग
razing,रेजिंग,राजिंग
rejing,रेजिंग,रेजिंग
rates,रेट्स,रैट्स
rest,रेट्स,रिस्ट
raindeer,रेनडियर,रणदीर
reindeer,रेनडियर,रिंदीर
rendear,रेनडियर,रेंदीर
revoluation,रेवोल्यूशन,रिवॉल्योशन
revolution,रेवोल्यूशन,रिवॉल्यूशन
raindi,रैंडी,रैंडी
randi,रैंडी,रणदी
rendi,रैंडी,रेंदी
rackel,रैकल,रैकेल
raikal,रैकल,रैकल
rakel,रैकल,रेकेल
rap,रैप,राप
rape,रैप,रपे
rapper,रैपर,रप्पर
wrapper,रैपर,रारपर
royal,रॉयल,रोयल
royas,रॉयस,रोएंस
royce,रॉयस,रायइस
roys,रॉयस,रॉइस
ron,रोन,रोन
ronald,रोनाल्ड,रोनाल्ड
ronin,रोनिन,रोनिन
rope,रोप,रोप
ropad,रोपड़,रोपद
ropar,रोपड़,रोपर
robert,रोबर्ट,रॉबर्ट
roberta,रोबर्टा,रोबरता
romanch,रोमांच,रोमांच
romanchak,रोमांचक,रोमांचक
romanchit,रोमांचित,रोमांचित
romani,रोमानी,रोमानी
romero,रोमेरो,रोमरो
roller,रोलर,रॉलर
roaster,रोस्टर,रॉस्टर
roster,रोस्टर,रॉस्टर
langadakar,लंगड़ाकर,लंगादाकार
langarakar,लंगड़ाकर,लंगारकर
langdakar,लंगड़ाकर,लंगदार
lambai,लंबाई,लंबई
lanbai,लंबाई,लंबई
lambe,लंबे,लांबे
lakiren,लकीरें,लकीरें
lakshamana,लक्षमण,लक्ष्मण
lakshman,लक्षमण,लक्ष्मण
laxman,लक्षमण,लक्ष्मण
lakhatkiya,लखटकिया,लखातकीय
lakhtakiya,लखटकिया,लखतकाई
lakhanvi,लखनवी,लखनवी
lakhnavi,लखनवी,लखनावी
lakhnawi,लखनवी,लखनावी
lagaakar,लगाकर,लगाकार
lagakar,लगाकर,लगाकर
lachila,लचीली,लचीला
lachili,लचीली,लचीली
latkaya,लटकाया,लटकाया
latkiya,लटकाया,लटकीय
ladkar,लड़कर,लड़कर
ladaakon,लड़ाकों,लड़ाकों
ladakon,लड़ाकों,लड़कों
lati,लती,लती
latif,लतीफ,लैटिफ
labh,लभ,लाभ
laybaddh,लयबद्ध,लायबद्ध
lalkaar,ललकार,ललकर
lalkar,ललकार,लालकर
lalkara,ललकारा,ललकरा
lalkare,ललकारे,लाल्करे
lallu,लल्लू,लालू
lahanga,लहंगा,लहंगा
lehenga,लहंगा,लहेंगा
la,ला,ल
laa,ला,ला
laanguria,लांगुरिया,लांगुरिया
languria,लांगुरिया,लंगूरिया
languriya,लांगुरिया,लंगूरिया
limestone,लाइमस्टोन,लिमेस्टन
laelaaj,लाइलाज,लालाज
lailaj,लाइलाज,लाइलाज
live,लाइव,लिव
life,लाईफ,लिफे
laoge,लाओगे,लाओगे
laogey,लाओगे,लागे
laaganey,लागने,लागने
laagne,लागने,लागने
lagne,लागने,लगने
laagu,लागु,लागू
lagu,लागु,लागू
lajimi,लाजिमी,लाजिमी
lajmi,लाजिमी,लाज़मी
laate,लाते,लाते
laatey,लाते,लाते
late,लाते,लते
latehaar,लातेहार,लटेहार
latehar,लातेहार,लटेहर
lateyhaar,लातेहार,लेटेयार
laaneyvaley,लानेवाले,लानेवाले
lanevale,लानेवाले,लैनेवाले
lanewale,लानेवाले,लैनेवाले
lions,लायंस,लाइंस
lindo,लिंडो,लिंडो
likhane,लिखने,लिखने
likhne,लिखने,लिखने
liga,लिगा,लिगा
linga,लिगा,लिंगा
leader,लीडर,लीडर
leaders,लीडर्स,लीडर्स
leipzig,लीप्ज़िग,लिप्जिग
lipsing,लीप्ज़िग,लिप्सिंग
ludhka,लुढ़का,लुढ़का
luthka,लुढ़का,लूठका
lubhavane,लुभावने,लुभावने
lubhawane,लुभावने,लुभावने
lubhawna,लुभावने,लुभावना
lekhon,लेखों,लेखों
letate,लेटते,लेटाटे
lette,लेटते,लेट्ट
ladies,लेडीज़,लेडिस
leti,लेती,लेटी
lenin,लेनिन,लेनिन
label,लेबिल,लाबेल
lebil,लेबिल,लेबिल
lev,लेव,लेव
laigik,लैंगिक,लैगिक
laingik,लैंगिक,लैंगिक
lauch,लॉच,लॉच
launch,लॉच,लॉन्च
lot,लॉट,लट
lower,लोअर,लॉवर
loewe,लोई,लोए
loi,लोई,लोई
lokrang,लोकरंग,लोकरांग
logo,लोगो,लोगो
lotpot,लोटपोट,लोटपट
lop,लोप,लोप
lauki,लौकी,लौकी
loki,लौकी,लोकी
lautai,लौटाई,लौटाई
lautayi,लौटाई,लौटाई
vanchit,वंचित,वांछित
wanchint,वंचित,वांछिंट
wonders,वंडर्स,वंडर्स
vanshavadi,वंशवादी,वंशावादी
vanshvaadi,वंशवादी,वंश्वदी
vanshvadi,वंशवादी,वंशवादी
vanshwadi,वंशवादी,वंशवादी
vadh,वध,वध
vanam,वनम,वनम
vart,वर्ट,वार्ट
vert,वर्ट,वेर्ट
varnawal,वर्णवाल,वर्नवाल
varnvaal,वर्णवाल,वर्णवाल
varnval,वर्णवाल,वर्नवाल
vartika,वर्तिका,वार्तिका
varnaa,वर्ना,वरना
verna,वर्ना,वर्णा
varshabhar,वर्षभर,वर्षभर
varshbhar,वर्षभर,वर्षभर
varsha,वर्षा,वर्ष
varshaa,वर्षा,वर्ष
warsha,वर्षा,वर्ष
vahneeye,वहनीय,वहनीय
vahniy,वहनीय,वाहनीय
wahniy,वहनीय,वाहनीय
vaanchoo,वांचू,वांचू
vanchu,वांचू,वंचु
wanchu,वांचू,वंचु
vice,वाइस,वाइस
vise,वाइस,वीसे
wice,वाइस,वाइस
waters,वाटर्स,वेटर्स
vadakon,वादकों,वादकों
wadkon,वादकों,वादकों
violin,वायलिन,वायोलिन
varvik,वारविक,वर्विक
warwick,वारविक,वर्विक
variyar,वारियर,वरियार
warrior,वॉरीअर,वर्यर
valekum,वालेकुम,वालेकम
walaikum,वालेकुम,वालीकुम
walecum,वालेकुम,वालेक्म
walekum,वालेकुम,वालेकम
vasiyon,वासियों,वसीयों
wasion,वासियों,वसीयन
vastavikta,वास्तविकता,वास्तविकता
vastvikata,वास्तविकता,वास्तविकता
vaahi,वाही,वाही
vahi,वाही,वही
winters,विंटर्स,वाइटर्स
vindhyachal,विंध्याचल,विंध्याफल
vikalp,विकल्प,विकल्प
wicketon,विकेटों,विकेटों
victoria,विक्टोरिया,विक्टोरिया
vicharane,विचारने,विचारने
vicharne,विचारने,विचारने
vigyaaniyon,विज्ञानियों,विज्ञानियों
vigyaniyon,विज्ञानियों,विज्ञानियों
wisden,विज्डन,विजडन
wizdon,विज्डन,विजड़ों
vidaya,विद्या,विदया
vidhya,विद्या,विध्य
vidya,विद्या,विद्य
vidhigya,विधिज्ञ,विधीगय
vidhvans,विध्वंस,विध्वंस
vinivesh,विनिवेश,विनिवेश
vinegar,विनेगर,विनेगर
vinni,विन्नी,विनी
vinny,विन्नी,विनी
vipreet,विपरीत,विपरित
viprit,विपरीत,विपरित
vimen,विमेन,वीमेन
women,विमेन,वोमेन
viral,विरल,विराल
viraag,विराग,विराग
virag,विराग,विराग
virodhabhas,विरोधाभास,विरोधाभस
virodhiyon,विरोधियों,विरोधियों
vividha,विविधा,विविधा
vividhikaran,विविधीकरण,विविधिकरण
visheshaadhikaaron,विशेषाधिकारों,विशेषाधिकारों
visheshadhikaron,विशेषाधिकारों,विशेषाधिकारों
vishleshan,विश्लेषणों,विष्लेषण
vishleshanatmak,विश्लेषणात्मक,विश्लेषात्मक
vishleshnatmak,विश्लेषणात्मक,विश्लेष्टमक्त
vishleshanon,विश्लेषणों,विश्लेषणों
vishwabhar,विश्वभर,विश्वभर
vishva,विष्व,विश्व
vishwa,विष्व,विश्व
visangar,विसनगर,विसंगर
visnagar,विसनगर,विस्नागर
week,वीक,विक
veenus,वीनस,वीनुस
venus,वीनस,वेनस
vns,वीनस,वंसी
vritt,वृत्त,वृत्त
vrut,वृत्त,वृत
vrutta,वृत्त,वृतता
vritiyon,वृत्तियों,वृतियों
vrittyon,वृत्तियों,वृत्तियों
vrutiyon,वृत्तियों,वृतियों
vruttiyon,वृत्तियों,वृत्तियों
vegetarian,वेजीटेरियन,वेगेटरियन
wednesday,वेडनसडे,वेद्नेस्दय
weds,वेड्स,वेड्स
ved,वेद,वेद
vedar,वेदर,वेदार
weather,वेदर,वैदर
whether,वेदर,व्थेर
vedik,वेदिक,वेदिक
vediyaan,वेदियां,वेदियां
vediyan,वेदियां,वेदियां
variant,वेरिएंट,वर्यंत
waste,वेस्ट,वस्ते
west,वेस्ट,वेस्ट
wester,वेस्टर,वेस्टर
westor,वेस्टर,वेस्टर
vaigyaanikon,वैज्ञानिकों,वैग्यानिकों
vaigyanikon,वैज्ञानिकों,वैग्यानिकों
vaidyaraaj,वैद्यराज,वैद्यारज
vaidyaraj,वैद्यराज,वैद्यारज
vaimansyata,वैमनस्यता,वैमंस्यता
vair,वैर,वैर
vaishno,वैष्णो,वैशनो
water,वॉटर,वेटर
voice,वॉयस,वोइस
warrioar,वॉरीअर,वर्नियर
walton,वॉल्टन,वाल्टन
valter,वॉल्टर,वाल्टर
vaulter,वॉल्टर,वाउटर
wolter,वॉल्टर,वॉल्टर
vodka,वोडका,वोदका
venkatesh,व्यंकटेश,वेंकटेश
vyankatesh,व्यंकटेश,व्यंकटेश
vyanktesh,व्यंकटेश,व्यंकटेश
vyagrata,व्यग्रता,व्याग्रता
vyabhichari,व्यभिचारी,व्याभिकारी
vyavadhanon,व्यवधानों,व्यवधानों
vyavdhanon,व्यवधानों,व्यवधानों
vyavasthapak,व्यवस्थापक,व्यवस्थापक
vyavshthapak,व्यवस्थापक,व्यव्याश्पक
vyakhakar,व्याख्याकार,व्याखाकार
vyakhyakar,व्याख्याकार,व्याख्यकार
vyapakata,व्यापकता,व्यापकता
vyapakataa,व्यापकता,व्यापकता
vyapakta,व्यापकता,व्यापक्त
viewer,व्यूअर,व्यूवर
vratraj,व्रतराज,व्रतराज
wear,व्हेयर,वीयर
where,व्हेयर,व्हेर
shakuntala,शकुंतला,शकनताला
shakuntla,शकुंतला,शकुंतला
shankutla,शकुंतला,शंकुत्ला
shakki,शक्की,शक्की
shakt,शक्त,शक्त
shatpratishat,शतप्रतिशत,क्षत्पृष्ट
shatakshi,शताक्षी,शतक्षी
shafi,शफी,शफी
shabe,शबे,शाबे
shamoon,शमून,शमून
shamun,शमून,शमुन
shmoon,शमून,शमून
shmun,शमून,शमुन
sharfuddin,शरफुद्दीन,शरफूद्दीन
sharman,शरमन,शरमान
sharaab,शराब,शराब
sharab,शराब,शराब
shrab,शराब,शराब
sharaabiyon,शराबियों,शराबियों
sharabiyon,शराबियों,शराबियों
shrabiyon,शराबियों,शराबियों
sharaabi,शराबी,शराबी
shrabi,शराबी,शराबी
shararti,शरारती,शरार्ती
shrarti,शरारती,शरार्ती
shararaton,शरारतों,शरारतों
shararton,शरारतों,शरार्टन
shrarton,शरारतों,शरार्टन
shareer,शरीर,शरीर
sharir,शरीर,शरीर
sharirdhari,शरीरधारी,शरीर्धारी
sharirvigyan,शरीरविज्ञान,शरिंगवियां
shariri,शरीरी,शरीरी
shariiron,शरीरों,शरीणों
shariron,शरीरों,शरीरों
shahnawaaz,शहनवाज,शाहनवाज
shahnawaz,शहनवाज,शाहनवाज
shehnawaz,शहनवाज,शहनावाज
shahar,शहर,शहर
shehar,शहर,शहर
shehr,शहर,शहर
shahariyon,शहरियों,शहरियों
shahriyon,शहरियों,शहरियों
shaharikaran,शहरीकरण,शहरीकरण
shahrikaran,शहरीकरण,शहरीकरण
shehrikarn,शहरीकरण,शहरीकरण
shaaririk,शारिरिक,शारीरिक
sharirik,शारिरिक,शारीरिक
shalimar,शालीमार,शालीमार
shaavaka,शावक,शावका
shavak,शावक,शावक
shaasakiya,शासकीय,शासकीय
shasakiy,शासकीय,शासकीय
shasakiya,शासकीय,शासकीय
shaskiy,शासकीय,शास्कीय
shahjahani,शाहजहानी,शहजहनी
shikan,शिकन,शिकन
shinaakhta,शिनाख्त,शिनाखता
shinakhat,शिनाख्त,शीनाखत
shinakht,शिनाख्त,शीनाखत
shivcharan,शिवचरण,शिवचरण
shivatv,शिवत्व,शिवत्व
shivtv,शिवत्व,शिवत्व
sheohar,शिवहर,शीहर
shivhar,शिवहर,शिवहर
sheera,शीरा,शीरा
shira,शीरा,शिरा
sheershak,शीर्षक,शीर्षक
shirshak,शीर्षक,शीरशक
shubhaarambh,शुभारंभ,शुभारंभ
shubharambh,शुभारंभ,शुभारंभ
shubhaashubh,शुभाशुभ,शुभाजभ
shubhashubh,शुभाशुभ,शुभासभु
shubhra,शुभ्रा,शुभरा
shubra,शुभ्रा,शुबरा
shuraat,शुरुवात,शुरात
shuruvaat,शुरुवात,शुरुवात
shuruvat,शुरुवात,शूरूवत
shuruaati,शुरूआती,शुरुआती
shooker,शूकर,शूकर
shukar,शूकर,शुकार
shane,शेन,शाने
shen,शेन,शेन
shephard,शेफर्ड,शेफर्द
shepherd,शेफर्ड,शेफर्ड
sheru,शेरू,शेरू
sheruu,शेरू,शेरू
shoulder,शोल्डर,शौल्डर
shmashaan,श्मशान,शमशान
shmashan,श्मशान,शमाशन
shyaamdaas,श्यामदास,श्यामदास
shyamdas,श्यामदास,श्यंदस
shraddheya,श्रद्धेय,श्रद्धीय
shradhey,श्रद्धेय,श्रधे
shravan,श्रावण,श्रवन
shrawan,श्रावण,श्रवन
shrota,श्रोता,श्रोता
shasht,षष्ठ,शाष्ट
shashth,षष्ठ,शाष्ठ
sankalpana,संकल्पना,संकल्पना
sanke,संके,संके
sankraanti,संक्रांति,संक्रांति
sankranti,संक्रांति,संक्रांति
sankhy,संख्य,संख्य
sankhya,संख्य,संख्या
sanghatan,संघठन,संघटन
sanghathan,संघठन,संघठन
sanghthan,संघठन,संघठान
sangham,संघम,संघम
sngham,संघम,संघम
sanchay,संचय,संचाय
sanchaya,संचय,संचाया
sanchaarit,संचारित,संचारित
sancharit,संचारित,संचारित
sanchaalan,संचालन,संचालन
sanchalan,संचालन,संचालन
sanjeeda,संजीदा,संजीदा
sanjida,संजीदा,संजीदा
sanju,संजू,संजू
sandarbhit,संदर्भित,संदर्भित
sandrbhit,संदर्भित,संदरहित
sandeep,संदीप,संदीप
sandip,संदीप,संदीप
sandipa,संदीपा,संदीपा
sandehjanak,संदेहजनक,संदेहाजनक
samposhit,संपोषित,संपोषित
samprag,संप्रग,संप्राग
sanprg,संप्रग,संपर्ग
sambhalani,संभालनी,संभावनी
sambhalni,संभालनी,संभावनी
samyuktataa,संयुक्तता,समयुक्तता
sanyuktata,संयुक्तता,संयुक्तता
sanyojak,संयोजक,संयोजक
sanyojakata,संयोजकता,संयोजकता
sanyojkta,संयोजकता,संयोक्त
samvedanheen,संवेदनहीन,संवेदनहीन
sanvedanheen,संवेदनहीन,संवेदनहीन
sanvedanhin,संवेदनहीन,संवेदनहीन
sanshay,संशय,संशय
sanskaarit,संस्कारित,संस्कारित
sanskarit,संस्कारित,संस्करित
sanskarita,संस्कारित,सांस्करिता
sanskaaron,संस्कारों,संस्कारों
sanskaro,संस्कारो,संस्कारों
sanskaron,संस्कारों,संस्करों
sankritnishth,संस्कृतनिष्ठ,संकृष्ठ
sanskritnisht,संस्कृतनिष्ठ,संस्कृष्ट
sanskrutnishth,संस्कृतनिष्ठ,संस्कृष्ट
sanskriti,संस्तुति,संस्कृति
sanstuti,संस्तुति,संस्तुति
sakal,सकल,सकल
sakling,सकलिंग,सक्लिंग
suckling,सकलिंग,सकलिंग
sakengi,सकेंगी,सकेंगी
sachhidanandan,सच्चिदानंदन,सच्चीदंदन
sachidanand,सच्चिदानंदन,सचिदानंद
satchidanandan,सच्चिदानंदन,सत्चिदंदन
sajdhaj,सजधज,साजदहाज
sajjit,सज्जित,सज्जित
satnaam,सतनाम,सतनाम
satnam,सतनाम,सतनाम
sattar,सत्तर,सत्तार
satyaveer,सत्यवीर,सत्यवीर
satyavir,सत्यवीर,सत्यवीर
satya,सत्या,सत्य
satyaansh,सत्यांश,सत्यांश
satyansh,सत्यांश,सत्यांश
sadarang,सदारंग,सादरंग
sadashivarao,सदाशिवराव,सादासिवराओं
sadashivram,सदाशिवराव,सदायसिश्रम
sadashivrao,सदाशिवराव,सादाशिंता
sunrise,सनराइज,सनरीसे
sanaya,सनाया,सनय
sani,सनी,सानी
sunny,सनी,सन्नी
sapt,सप्त,सप्त
sapta,सप्त,सप्ता
saptarishi,सप्तर्षि,सप्तऋषि
saptarshi,सप्तर्षि,सपत्रशी
safi,सफी,सफी
sabhasad,सभासद,सभासद
sabhyataon,सभ्यताओं,सभ्यताओं
samajhaute,समझौते,समझौते
samjhaute,समझौते,समझौते
samarthit,समर्थित,समर्थित
samrthit,समर्थित,समर्थित
samaadhanon,समाधानों,समाधानों
samadhanon,समाधानों,समाधनों
samaadhi,समाधि,समाधी
samadhi,समाधि,समाधी
samudratat,समुद्रतट,समुद्रतत
sayajirao,सयाजीराव,सयाजीरा
ssayajirao,सयाजीराव,स्वायजीरा
sanrachna,सरंचना,संरचना
saranchana,सरंचना,सरांचना
sarakte,सरकते,सरकते
sarkte,सरकते,सरकते
sarkaar,सरकार,सरकार
sarkar,सरकार,सरकर
sarnobat,सरनोबत,सर्णोब्ट
saras,सरस,सरस
sarasta,सरसता,सरस्त
sarsata,सरसता,सरसता
sarsta,सरसता,सरस्ता
saraah,सराह,सराह
sarah,सराह,साराह
sareaam,सरेआम,सरेम
circular,सर्कुलर,सर्किलर
sarvashaktimaan,सर्वशक्तिमान,सर्वशाक्त्रीम
sarvashaktiman,सर्वशक्तिमान,सर्वशाक्त्रीम
sarvshaktiman,सर्वशक्तिमान,सर्वशक्तिमों
sarvoday,सर्वोदय,सर्वोदय
sarvodaya,सर्वोदय,सर्वोदय
sarwoday,सर्वोदय,सर्वोदय
salwar,सलवार,सलवार
salae,सलाई,सलाई
salai,सलाई,सलाई
slaai,सलाई,स्लाई
salaahkaron,सलाहकारों,सलाहकारों
salahkaron,सलाहकारों,सालहकारों
salaahiyat,सलाहियत,सलाहियत
salahiyat,सलाहियत,सलाहियत
savaliya,सवालिया,सवालिया
sawaliya,सवालिया,सवालिया
savalon,सवालों,सवालों
sawalon,सवालों,सवालों
sashankit,सशंकित,साशंकित
sahasansthapak,सहसंस्थापक,सहसानस्थासक
sahsanstapak,सहसंस्थापक,सहस्नस्तापक
sahsansthapak,सहसंस्थापक,सहस्नस्थापक
sahi,सही,साही
sampradayik,सांप्रदायिक,संप्रदायिक
sampradayika,सांप्रदायिक,संप्रदायिक
sampradayikata,सांप्रदायिकता,संप्रदायिकता
sampradayikta,सांप्रदायिकता,संप्रदायिकता
saaj,साज,साज
saj,साज,साज
saajon,साजों,साजों
sajon,साजों,सजों
sajhedaar,साझेदार,साझेदार
sajhedar,साझेदार,साझेदार
sana,साना,साना
sarvabhaunik,सार्वभौमिक,सर्वभौनिक
sarvbhaumik,सार्वभौमिक,सर्वभौमिक
saarvabhaumikataa,सार्वभौमिकता,सार्वाभूमकता
sarvabhaumikata,सार्वभौमिकता,सर्वभायोक्ता
sarvabhaumikta,सार्वभौमिकता,सर्वाभूमक्त
sarvbhaumikata,सार्वभौमिकता,सर्वभूमिकता
saleh,सालेह,सलेह
sahabon,साहबों,सहाबों
sahbon,साहबों,साहबों
saha,साहा,सहा
sahit,साहित,साहित
sahebganj,साहिबगंज,सहेबगंज
sahibganj,साहिबगंज,साहिबगंज
singhe,सिंघे,सिंघे
singhey,सिंघे,सिंघे
syndicate,सिंडिकेट,सिंडिकेट
cindi,सिंडी,सिंडी
sindi,सिंडी,सिंदी
sindy,सिंडी,सिंद्य
sindhughosh,सिंधुघोष,सिंधुगोष
sindhugosh,सिंधुघोष,सिंधूगोष
singh,सिंह,सिंह
sinh,सिंह,सिंह
sinha,सिंह,सिन्हा
sikudta,सिकुड़ता,सिकड़ता
sikudan,सिकुड़न,सिकूड़ा
sikuda,सिकुड़ा,सिकड़ा
sikudi,सिकुड़ी,सिकड़ी
sikude,सिकुड़े,सिकड़
sikudey,सिकुड़े,सिकड़े
sikhana,सिखाना,सीखना
signal,सिगनल,सिगनाल
signallon,सिगनलों,सिगनलों
signalon,सिगनलों,सिग्नलों
cipla,सिपला,सिप्ला
simaria,सिमरिया,सिमरिया
simariya,सिमरिया,सिमरिया
simriya,सिमरिया,सिमरिया
siyar,सियर,सियार
sirf,सिर्फ,सिर्फ
sivrej,सिवरेज,सिवरेज
sivana,सिवाना,सिवना
siwana,सिवाना,सिवना
sihava,सिहावा,सिहावा
cis,सीआईएस,सीआईएस
cec,सीईसी,सेआससी
cafa,सीएफए,काफा
cfa,सीएफए,सीएफए
cl,सीएल,सीएल
csir,सीएसआईआर,सीसर
cedan,सीडान,सेडान
sidan,सीडान,सिड़न
sitapur,सीतापुर,सीतापुर
sitarmaiya,सीतारमैया,सीतरमया
sitarmaiyya,सीतारमैया,सीतरमयिया
sitarmayya,सीतारमैया,सीतरमयय
seedha,सीधा,सीढ़ा
sidha,सीधा,सिधा
sceney,सीने,स्केनी
sine,सीने,सिने
cvc,सीवीसी,सीएससी
sehore,सीहोर,सेहौर
sihor,सीहोर,सिहोर
sung,सुंग,सूंग
suites,सुइट्स,सूटेस
suits,सुइट्स,सुट्स
sukama,सुकमा,सुकामा
sukma,सुकमा,सुकमा
sukhate,सुखाते,सूखते
sugam,सुगम,सुगम
sujay,सुजय,सुजय
sujaan,सुजान,सूजन
sujan,सुजान,सूजन
sudipta,सुदिप्ता,सुडिपता
sudharane,सुधरने,सुधारने
sudharney,सुधरने,सुधरने
sudhrane,सुधरने,सुधरने
sudharma,सुधर्मा,सुधार्मा
sudheesh,सुधीश,सुदीश
sudhish,सुधीश,सुदिश
suneet,सुनीत,सुनीत
sunit,सुनीत,सुनीत
supernova,सुपरनोवा,सुपरेनवो
sufal,सुफल,सूफल
subah,सुबह,सुबाह
subeh,सुबह,सुबेह
subbarao,सुब्बाराव,सुब्राहाज
subbarav,सुब्बाराव,सुब्राज
sumantr,सुमंत्र,सुमंत्र
sumantra,सुमंत्र,सुमानत्र
sumerpur,सुमेरपुर,सुमरपुर
surakshit,सुरक्षित,सुरक्षित
surkshit,सुरक्षित,सर्कशित
sooraj,सुरज,सूरज
suraj,सुरज,सुरज
surjan,सुरजन,सुरजन
suraji,सुराजी,सुरजी
suljhaaya,सुलझाया,सुलझाया
suljhaayaa,सुलझाया,सुलझाया
suljhaya,सुलझाया,सुलझा
suljhayaa,सुलझाया,सुलझाया
sulzaya,सुलझाया,सुलझाया
sultan,सुलतान,सुल्टन
sultana,सुलतान,सुल्ताना
sultaanon,सुलतानों,सुल्तानों
sultanon,सुलतानों,सुल्तानों
sulzanon,सुलतानों,सुलझानों
subarna,सुवर्ण,सुबरना
suvarn,सुवर्ण,सुवर्ण
suvran,सुवर्ण,सुवरन
susajjit,सुसज्जित,सुसजाजित
susan,सुसन,सुसान
suchakon,सूचकों,सुचकों
suchkon,सूचकों,सूचकों
suchnaen,सूचनाऐं,सूचनाएं
suchnayen,सूचनाऐं,सूचनाएं
sooje,सूजे,सूजे
suje,सूजे,सूजे
sudan,सूडान,सुदन
sootak,सूतक,सूतक
sutak,सूतक,सूतक
sutrapat,सूत्रपात,सूत्रपत
sense,सेंस,सेंस
set,सेट,सेट
setting,सेटिंग,सेटिंग
seton,सेटों,सीतों
setton,सेटों,सैत्टन
sets,सेट्स,सेट्स
senapatitv,सेनापतित्व,सेनापतिव
senapatitva,सेनापतित्व,सेनापतित्व
sebastian,सेबास्टियन,सेबास्टियन
sebastiyan,सेबास्टियन,सेबास्तियां
seminari,सेमिनरी,सेमिनरी
seminary,सेमिनरी,सेमिनरी
semi,सेमी,सेमी
seri,सेरी,सेरी
selangor,सेलांगोर,सेलंगर
celina,सेलीना,सेलिना
selina,सेलीना,सेलिना
sevak,सेवक,सेवक
sewak,सेवक,सेवक
saving,सेविंग,साविंग
sevit,सेवित,सेविट
seviyon,सेवियों,सेवियों
sesana,सेसना,सेसना
sesanaa,सेसना,सेसना
sesna,सेसना,सेसना
saikado,सैकडो,सैकड़ों
saikdo,सैकडो,सैकड़ो
saturn,सैटर्न,सतूर्ण
suturn,सैटर्न,सूतर्न
sainik,सैनिक,सैनिक
sainikon,सैनिकों,सैनिकों
socket,सॉकेट,सोकेट
song,सॉन्ग,सोंग
sochati,सोचती,सोचती
sochti,सोचती,सोचती
songara,सोनगरा,सोंगरा
sono,सोनो,सोनो
som,सोम,सोम
soman,सोमान,सोमान
somalia,सोमालियाई,सोमालिया
somaliyai,सोमालियाई,सोमालियाई
somaiya,सोमैया,सोमायय
solahaven,सोलहवें,सोलहवें
solhaven,सोलहवें,सोलहवें
social,सोशल,सोशियल
soshal,सोशल,सोषल
saudon,सौदों,सौदों
sodon,सौदों,सोड़ों
sauhard,सौहार्द,सौहार्ड
sauharda,सौहार्द,सौहर्दा
souharda,सौहार्द,सौहर्दा
scotish,स्काॅटिश,स्कोटिश
scottish,स्काॅटिश,स्कोटिश
skip,स्किप,स्किप
scoop,स्कूप,स्कूप
skoop,स्कूप,सूकप
scan,स्कैन,स्कैन
scanner,स्कैनर,स्केनर
skhalit,स्खलित,स्वालित
startup,स्टार्टअप,स्टरूप
steamer,स्टीमर,स्टीमर
stimer,स्टीमर,स्टीमर
stanley,स्टेनले,स्टेनल
stallone,स्टैलोन,स्टेलोन
standby,स्टैंडबाय,स्टंडी
static,स्टैटिक,स्टेटिक
streep,स्ट्रीप,स्ट्रीप
strip,स्ट्रीप,स्ट्रिप
stripe,स्ट्रीप,स्ट्रिप
strock,स्ट्रोक,स्ट्रॉक
stroke,स्ट्रोक,स्र्कोट
stanon,स्तनों,स्टनों
stotra,स्त्रोत्र,स्तोत्र
stritv,स्त्रीत्व,स्त्रित्व
stritva,स्त्रीत्व,स्तृत्व
strot,स्त्रोत्र,स्त्रोत
strotra,स्त्रोत्र,स्त्रोत्र
sthit,स्थित,स्थित
sthithi,स्थिति,स्थिति
sthiti,स्थिती,स्थिति
sniper,स्नाइपर,स्निपर
snnaiper,स्नाइपर,स्नेपर
spaek,स्पाइक,स्पैक
spike,स्पाइक,स्पाइस
spiderman,स्पाइडरमैन,स्पीडेमर्ण
spelling,स्पेलिंग,स्पेलिंग
spoted,स्पॉटेड,स्पॉटेड
spotted,स्पॉटेड,स्पॉट्ड
spilit,स्प्लिट,स्पिलिट
split,स्प्लिट,स्पाइट
smooth,स्मूथ,स्मूद
slab,स्लैब,स्लेब
slam,स्लैम,स्लैम
svatantr,स्वतंत्र,स्वतंत्र
swatantr,स्वतंत्र,स्वतंत्र
swatantra,स्वतंत्र,स्वतंत्र
svabhav,स्वभाव,स्वभव
swabhaav,स्वभाव,स्वभाव
swabhav,स्वभाव,स्वभाव
svabhabon,स्वभावों,स्वाभबों
swabhaavon,स्वभावों,स्वभावों
swabhavon,स्वभावों,स्वभावों
swayamvar,स्वयंवर,स्वयंवर
swayanvar,स्वयंवर,स्वयंवर
swarup,स्वरुप,स्वरूप
swarkal,स्वर्णकाल,स्वरकाल
swarnakaal,स्वर्णकाल,स्वर्णकाल
swarnakal,स्वर्णकाल,स्वर्णकाल
swan,स्वां,स्वान
swang,स्वांग,स्वंग
swati,स्वाती,स्वती
swaamiyon,स्वामियों,स्वामियों
swamion,स्वामियों,स्वामियों
swamiyon,स्वामियों,स्वामियों
switched,स्विच्ड,स्विचड़
swedish,स्विडिश,स्वीडिश
swidish,स्विडिश,स्वीदिश
sweety,स्वीटी,स्वीटी
sweets,स्वीट्स,स्विट्स
sweeper,स्वीपर,स्वीपर
sweat,स्वेट,स्वेट
swet,स्वेट,स्वेट
hansadaa,हंसदा,हंसड़ा
hansda,हंसदा,हंसदा
haklaate,हकलाते,हकलाते
haklate,हकलाते,हकलते
hakka,हक्का,हक्का
sakka,हक्का,सक्का
hatana,हटना,हटाना
hatna,हटना,हटना
hatane,हटने,हटाने
hatne,हटने,हटने
hate,हते,हाते
hatha,हत्था,हाथा
hattha,हत्था,हत्था
hatya,हत्था,हत्य
hatyaein,हत्याएं,हटियाएं
hatyaen,हत्याएं,हटियाएं
hatyayen,हत्याएं,हटयाएं
hanut,हनुत,हनुत
habshi,हब्शी,हब्सी
hubshi,हब्शी,हयस्ची
humdam,हमदम,हमदाम
humdum,हमदम,हुंदुम
hamaad,हमाद,हमद
hamad,हमाद,हमद
humad,हमाद,हुमड़
hamirpur,हमीरपुर,हमीरपुर
hayagreev,हयग्रीव,हयाग्रीव
hayagreeva,हयग्रीव,हयायिर्व
hayagriva,हयग्रीव,हयाग्रिव
haygreev,हयग्रीव,हैग्रीव
hardam,हरदम,हरदम
hurdum,हरदम,हुर्दम
harad,हरदा,हरद
harda,हरदा,हरदा
harbart,हरबर्ट,हरबर्ट
harburt,हरबर्ट,हरबूर्त
herbert,हरबर्ट,हैरबेर्ट
haryaanavi,हरयाणवी,हरियानवी
haryanvi,हरयाणवी,हरियानवी
harsiddhi,हरसिध्दि,हरसिद्ध
harsh,हर्ष,हर्ष
harsha,हर्षा,हर्षा
harshik,हर्षिका,हर्षिक
harshika,हर्षिका,हरसिका
haldighaati,हल्दीघाटी,हल्लीद्याति
haldighati,हल्दीघाटी,हल्लीदाति
havas,हवास,हावास
hawas,हवास,हावास
havaen,हवाएं,हवाएं
hawayein,हवाएं,हवाएं
hawayen,हवाएं,हवाएं
havao,हवाओ,हवाओ
hawaao,हवाओ,हवाओ
hawao,हवाओ,हवाओ
hawaas,हवास,हवास
haseen,हसीन,हसीन
hasin,हसीन,हैसीन
hypo,हाइपो,यिपो
hypothalamus,हाइपोथैलेमस,हाइटोटमाल
hijack,हाईजैक,हाइजैक
haitec,हाईटेक,हैटेक
hightake,हाईटेक,हाइटेक
hightech,हाईटेक,हाइटेक
hitake,हाईटेक,हिटके
hiteck,हाईटेक,हिटेक
hypertension,हाईपरटेंशन,हाइपरटेंशन
houses,हाउसेस,हाउसेस
hathve,हाथवे,हाथवे
hathway,हाथवे,हाथवे
hyman,हायमन,ह्यमन
hymen,हायमन,ह्यूमें
halia,हालिया,हालिया
haliya,हालिया,हलिया
haashmi,हाश्मी,हाशमी
hashmi,हाश्मी,हाशमी
hidavi,हिंदवी,हिड़वी
hindavi,हिंदवी,हिंदवी
hindvi,हिंदवी,हिंदवी
hichkichate,हिचकिचाते,हिचिकचेट
hichkichane,हिचकिचाने,हिच्चीचन
hitkar,हितकर,हितकर
hindi,हिन्दी,हिंदी
hiran,हिरण,हीरान
hilakar,हिलाकर,हिलाकर
hilaal,हिलाल,हिलाल
hilal,हिलाल,हिलाल
hinsa,हिसा,हिंसा
hisa,हिसा,हिसा
hiss,हिस्स,हिस
hissa,हिस्स,हिस्सा
hirachand,हीराचंद,हीरचंद
hue,हुऐ,हुए
hujum,हुजूम,हुजूम
hood,हुड,हूड
hud,हुड,हूड
hunar,हुनर,हुनार
hoon,हूँ,हूण
hun,हूँ,हूण
hetu,हेतु,हेतू
herald,हेराल्ड,हेरॉल्ड
helmet,हेल्मेट,हेलमेट
haven,हेवन,हेवेन
heaven,हेवन,ह्वेन
haidarabad,हैदराबाद,हैदराबाद
hyderabad,हैदराबाद,हाइडराबाद
hyderabadi,हैदराबादी,हाइडराबादी
halloween,हैलोवीन,हॉलोवें
helloveen,हैलोवीन,हेलोवें
haiwaan,हैवान,हैवान
havan,हैवान,हवन
heyvan,हैवान,हेवन
hash,हैश,हाश
hop,हॉप,होप
hope,हॉप,होप
hopes,हॉप्स,होपेस
hops,हॉप्स,होप्स
halt,हॉल्ट,हाल्ट
hault,हॉल्ट,हाउट
hostelon,हॉस्टलों,होस्टलों
hon,हों,होन
hojri,होजरी,होजरी
hojry,होजरी,हॉजरी
hosiery,होजरी,हॉसियरी
hota,होता,होटा
homepage,होमपेज,होमेफे
hold,होल्ड,होल्ड
holder,होल्डर,होल्डर
hosho,होशो,होशो
huar,ह्यूअर,ह्यूर
hyuar,ह्यूअर,ह्यूर
hyuer,ह्यूअर,ह्यूयर
